amazon-order-id	merchant-order-id	purchase-date	last-updated-date	order-status	fulfillment-channel	sales-channel	order-channel	ship-service-level	product-name	sku	asin	number-of-items	item-status	quantity	currency	item-price	item-tax	shipping-price	shipping-tax	gift-wrap-price	gift-wrap-tax	item-promotion-discount	ship-promotion-discount	ship-city	ship-state	ship-postal-code	ship-country	promotion-ids	is-business-order	purchase-order-number	price-designation	fulfilled-by	is-iba	order-item-id	is-prime
404-5080090-9728353		2026-09-17T08:41:58+00:00	2026-09-17T09:47:33+00:00	Pending	Merchant	Amazon.in	WebsiteOrderChannel	Standard	Catche Herbal Mosquito Repellent Agarbatti - 240 Sticks (Pack of 2) | 100% Ayurvedic | DEET-Free | Safe for Kids & Pregnant Women | Low Smoke | Natural Fragrance | Indoor & Outdoor Use	8908006802319	B0D7MXTFB1	1	Unshipped	1	INR	235.0	10.97					4.48		DHUBRI	ASSAM	783339	IN		false			Easy Ship	false	67893730228522	false
405-0857648-0555511	405-0857648-0555511	2026-09-17T08:39:37+00:00	2026-09-17T08:39:42+00:00	Pending	Amazon	Amazon.in		Expedited	Catche must-quit-o insta Ayurvedic Mosquito Repellent Vaporizer Liquid | Eco Friendly, Non Toxic Organic Mosqutio Repellent Vaporizer Refill 45 ML (Pa	Pack of 6-FBA	B084BXXLSQ		Unshipped	1	INR	360.0								VELLORE	TAMIL NADU	632007	IN		false				false	67895781836842	false
403-4827275-6954705		2026-09-17T08:17:46+00:00	2026-09-17T09:40:47+00:00	Pending - Waiting for Pick Up	Merchant	Amazon.in	WebsiteOrderChannel	Standard	Catche Insta Mosquito Vaporizer - Ayurvedic Mosquito Repellent | 1 Machine + 2 Refills (45ml Each)	CT_INSTA_COM_1M+2R	B08KXSSKSV	1	Unshipped	1	INR	210.0	32.04							CHENNAI	TAMIL NADU	600056	IN		false			Easy Ship	false	67895461757362	false
402-7375393-3153103	402-7375393-3153103	2026-09-17T04:23:06+00:00	2026-09-17T04:23:48+00:00	Pending	Amazon	Amazon.in		Expedited	Catche must-quit-o insta Ayurvedic Mosquito Repellent Vaporizer Liquid | Eco Friendly, Non Toxic Organic Mosqutio Repellent Vaporizer Refill 45 ML (Pa	Pack of 6-FBA	B084BXXLSQ		Unshipped	1	INR	360.0								Vijayawada	ANDHRA PRADESH	520012	IN		false				false	67887643249602	false
407-7955015-6669117	407-7955015-6669117	2026-09-16T20:25:13+00:00	2026-09-17T06:42:02+00:00	Shipped	Amazon	Amazon.in		Expedited	Catche Herbal Mosquito Repellent Refill Combo | 6 Refills + 1 Machine | Safe for Babies, Pregnancy-Safe | Fits All Devices | No Transfluthrin | 270ml	Pack of 6+device-FBA	B09R3SJPB5		Shipped	1	INR	360.0								SHIMLA	HIMACHAL PRADESH	171011	IN		false				false	67884151961362	false
403-2494365-3333113	403-2494365-3333113	2026-09-16T18:06:48+00:00	2026-09-16T18:07:19+00:00	Pending	Amazon	Amazon.in		Expedited	Catche Herbal Mosquito Repellent Refill Combo | 6 Refills + 1 Machine | Safe for Babies, Pregnancy-Safe | Fits All Devices | No Transfluthrin | 270ml	Pack of 6+device-FBA	B09R3SJPB5		Unshipped	1	INR	360.0								Ahmedabad	GUJARAT	382430	IN	PLM-f238efd3-c647-4e26-950f-eaa05c3ea40b	false				false	67877330537402	false
171-9767279-8093934	171-9767279-8093934	2026-09-16T16:47:02+00:00	2026-09-16T19:15:01+00:00	Shipped	Amazon	Amazon.in		Expedited	Catche Must-Quit-O Insta Ayurvedic Mosquito Repellent 45ml Refill (Pack of 4) | AYUSH Approved & Transfluthrin-Free | Non-Toxic Protection Against Den	Catche must-quit-o-insta- FBA	B077ZT3C14		Shipped	1	INR	260.0		19.0					19.0	CHENNAI	TAMIL NADU	600016	IN		false				false	67876554858762	false
402-2412066-6587569	402-2412066-6587569	2026-09-16T15:41:35+00:00	2026-09-16T21:50:03+00:00	Shipped	Amazon	Amazon.in		Expedited	Catche Herbal Mosquito Repellent Refill Combo | 6 Refills + 1 Machine | Safe for Babies, Pregnancy-Safe | Fits All Devices | No Transfluthrin | 270ml	Pack of 6+device-FBA	B09R3SJPB5		Shipped	1	INR	360.0		40.0				7.2	40.0	MAPUSA	GOA	403507	IN	PLM-f238efd3-c647-4e26-950f-eaa05c3ea40b	false				false	67875381117162	false
407-1894421-9021936		2026-09-16T15:02:26+00:00	2026-09-17T07:47:18+00:00	Shipped - Picked Up	Merchant	Amazon.in	WebsiteOrderChannel	Standard	Catche Herbal Mosquito Repellent Agarbatti - 240 Sticks (Pack of 2) | 100% Ayurvedic | DEET-Free | Safe for Kids & Pregnant Women | Low Smoke | Natural Fragrance | Indoor & Outdoor Use	8908006802319	B0D7MXTFB1	1	Shipped	1	INR	235.0	10.97					4.48		Hyderabad	TELANGANA	500048	IN	PLM-f238efd3-c647-4e26-950f-eaa05c3ea40b	false			Easy Ship	false	67874929029362	false
407-4752579-1816323		2026-09-16T14:55:22+00:00	2026-09-16T19:05:42+00:00	Cancelled	Merchant	Amazon.in	WebsiteOrderChannel	Standard	Catche Herbal Mosquito Repellent Agarbatti - 240 Sticks (Pack of 2) | 100% Ayurvedic | DEET-Free | Safe for Kids & Pregnant Women | Low Smoke | Natural Fragrance | Indoor & Outdoor Use	8908006802319	B0D7MXTFB1	1		0										Hyderabad	TELANGANA	500048	IN		false			Easy Ship	false	67874884358962	false
402-1321005-0960340	402-1321005-0960340	2026-09-16T13:25:50+00:00	2026-09-17T03:41:06+00:00	Shipped	Amazon	Amazon.in		Expedited	Catche Herbal Mosquito Repellent Refill Combo | 6 Refills + 1 Machine | Safe for Babies, Pregnancy-Safe | Fits All Devices | No Transfluthrin | 270ml	Pack of 6+device-FBA	B09R3SJPB5		Shipped	1	INR	360.0		40.0				7.2	40.0	SURAT	GUJARAT	395013	IN	PLM-f238efd3-c647-4e26-950f-eaa05c3ea40b	false				false	67870275715042	false
404-2821710-0773917	404-2821710-0773917	2026-09-16T11:26:30+00:00	2026-09-16T19:39:34+00:00	Shipped	Amazon	Amazon.in		Expedited	Catche Herbal Mosquito Repellent Refill Combo | 6 Refills + 1 Machine | Safe for Babies, Pregnancy-Safe | Fits All Devices | No Transfluthrin | 270ml	Pack of 6+device-FBA	B09R3SJPB5		Shipped	1	INR	360.0						7.2		ALIGARH	UTTAR PRADESH	202001	IN	PLM-f238efd3-c647-4e26-950f-eaa05c3ea40b	false				false	67861793413842	false
408-3857595-0106727	408-3857595-0106727	2026-09-16T10:39:53+00:00	2026-09-16T16:27:10+00:00	Shipped	Amazon	Amazon.in		Expedited	Catche Must-Quit-O Insta Ayurvedic Mosquito Repellent 45ml Refill (Pack of 4) | AYUSH Approved & Transfluthrin-Free | Non-Toxic Protection Against Den	Catche must-quit-o-insta- FBA	B077ZT3C14		Shipped	1	INR	260.0								THANE	MAHARASHTRA	401107	IN		false				false	67857858590322	false
403-9751471-7653164	403-9751471-7653164	2026-09-16T10:06:37+00:00	2026-09-16T18:21:07+00:00	Shipped	Amazon	Amazon.in		Expedited	Catche Herbal Mosquito Repellent Refill Combo | 6 Refills + 1 Machine | Safe for Babies, Pregnancy-Safe | Fits All Devices | No Transfluthrin | 270ml	Pack of 6+device-FBA	B09R3SJPB5		Shipped	2	INR	720.0		19.0					19.0	GREATER NOIDA	UTTAR PRADESH	201306	IN		false				false	67856739676562	false
403-3186456-4728324	403-3186456-4728324	2026-09-16T10:04:18+00:00	2026-09-16T15:07:48+00:00	Cancelled	Amazon	Amazon.in		Expedited	Catche Herbal Mosquito Repellent Refill Combo | 6 Refills + 1 Machine | Safe for Babies, Pregnancy-Safe | Fits All Devices | No Transfluthrin | 270ml	Pack of 6+device-FBA	B09R3SJPB5		Cancelled	0										GREATER NOIDA	UTTAR PRADESH	201306	IN		false				false	67857250313202	false
408-4905086-7244319	408-4905086-7244319	2026-09-16T02:33:08+00:00	2026-09-17T03:58:12+00:00	Shipped	Amazon	Amazon.in		Expedited	Catche Herbal Mosquito Repellent Refill Combo | 6 Refills + 1 Machine | Safe for Babies, Pregnancy-Safe | Fits All Devices | No Transfluthrin | 270ml	Pack of 6+device-FBA	B09R3SJPB5		Shipped	1	INR	360.0		40.0					40.0	SALEM	TAMIL NADU	636007	IN		false				false	67795620933522	false
404-8680194-4360310	404-8680194-4360310	2026-09-16T01:40:07+00:00	2026-09-16T04:34:59+00:00	Shipped	Amazon	Amazon.in		Expedited	Catche Must-Quit-O Insta Ayurvedic Mosquito Repellent 45ml Refill (Pack of 4) | AYUSH Approved & Transfluthrin-Free | Non-Toxic Protection Against Den	Catche must-quit-o-insta- FBA	B077ZT3C14		Shipped	1	INR	260.0								VARANASI	UTTAR PRADESH	221002	IN		false				false	67794632421282	false
171-8143037-8589963		2026-09-15T22:25:12+00:00	2026-09-17T07:47:16+00:00	Shipped - Picked Up	Merchant	Amazon.in	WebsiteOrderChannel	Standard	Catche Herbal Mosquito Repellent Refill Combo with Machine (270ml) | 6 Liquid Refills (45ml Each) | Baby Safe, Pregnancy Safe | Natural Herbal Protection | No Transfluthrin | Fits All Devices	Pack of 6+device - New	B0GXWK4W73	1	Shipped	1	INR	360.0	54.92							AURANGABAD	MAHARASHTRA	431001	IN		false			Easy Ship	false	67783768601162	false
171-0624029-1329914		2026-09-15T19:00:45+00:00	2026-09-17T07:47:20+00:00	Shipped - Picked Up	Merchant	Amazon.in	WebsiteOrderChannel	Standard	Catche Herbal Mosquito Repellent Agarbatti - 240 Sticks (Pack of 2) | 100% Ayurvedic | DEET-Free | Safe for Kids & Pregnant Women | Low Smoke | Natural Fragrance | Indoor & Outdoor Use	8908006802319	B0D7MXTFB1	1	Shipped	1	INR	235.0	11.19							Thikad	KERALA	680104	IN		false			Easy Ship	false	67773331305202	false
402-9698855-5420334		2026-09-15T17:47:01+00:00	2026-09-17T07:47:16+00:00	Shipped - Picked Up	Merchant	Amazon.in	WebsiteOrderChannel	Standard	Catche Herbal Mosquito Repellent Agarbatti - 240 Sticks (Pack of 2) | 100% Ayurvedic | DEET-Free | Safe for Kids & Pregnant Women | Low Smoke | Natural Fragrance | Indoor & Outdoor Use	8908006802319	B0D7MXTFB1	1	Shipped	1	INR	235.0	11.19							THANE	MAHARASHTRA	401105	IN		false			Easy Ship	false	67769500139562	false
402-8384059-4039555	402-8384059-4039555	2026-09-15T16:27:14+00:00	2026-09-16T03:23:58+00:00	Shipped	Amazon	Amazon.in		Expedited	Catche Must-Quit-O Insta Ayurvedic Mosquito Repellent 45ml Refill (Pack of 4) | AYUSH Approved & Transfluthrin-Free | Non-Toxic Protection Against Den	Catche must-quit-o-insta- FBA	B077ZT3C14		Shipped	1	INR	260.0								HYDERABAD	TELANGANA	500049	IN		false				false	67765376985162	false
406-7287258-9443519		2026-09-15T15:20:09+00:00	2026-09-17T07:47:16+00:00	Shipped - Picked Up	Merchant	Amazon.in	WebsiteOrderChannel	Standard	Catche Herbal Mosquito Repellent Agarbatti - 240 Sticks (Pack of 2) | 100% Ayurvedic | DEET-Free | Safe for Kids & Pregnant Women | Low Smoke | Natural Fragrance | Indoor & Outdoor Use	8908006802319	B0D7MXTFB1	1	Shipped	1	INR	235.0	11.19							DHRANGADHRA	GUJARAT	363310	IN		false			Easy Ship	false	67760993680202	false
171-2306922-6682725		2026-09-15T13:37:33+00:00	2026-09-16T10:22:30+00:00	Shipped - Picked Up	Merchant	Amazon.in	WebsiteOrderChannel	Standard	Catche Herbal Mosquito Repellent Agarbatti - 240 Sticks (Pack of 2) | 100% Ayurvedic | DEET-Free | Safe for Kids & Pregnant Women | Low Smoke | Natural Fragrance | Indoor & Outdoor Use	8908006802319	B0D7MXTFB1	1	Shipped	1	INR	235.0	11.19							HYDERABAD	TELANGANA	500034	IN		false			Easy Ship	false	67757163818122	false
402-4346381-1079533	402-4346381-1079533	2026-09-15T12:12:00+00:00	2026-09-16T14:50:23+00:00	Shipped	Amazon	Amazon.in		Expedited	Catche must-quit-o insta Ayurvedic Mosquito Repellent Vaporizer Liquid | Eco Friendly, Non Toxic Organic Mosqutio Repellent Vaporizer Refill 45 ML (Pa	Pack of 6-FBA	B084BXXLSQ		Shipped	1	INR	360.0		40.0				7.2	40.0	TIRUNELVELI	TAMIL NADU	627011	IN	PLM-f238efd3-c647-4e26-950f-eaa05c3ea40b	false				false	67752047568042	false
407-3854921-5982706	407-3854921-5982706	2026-09-15T12:10:24+00:00	2026-09-15T17:33:04+00:00	Shipped	Amazon	Amazon.in		Expedited	Catche Must-Quit-O Insta Ayurvedic Mosquito Repellent 45ml Refill (Pack of 4) | AYUSH Approved & Transfluthrin-Free | Non-Toxic Protection Against Den	Catche must-quit-o-insta- FBA	B077ZT3C14		Shipped	1	INR	260.0						5.2		CHENNAI	TAMIL NADU	600100	IN	PLM-f238efd3-c647-4e26-950f-eaa05c3ea40b	false				false	67752656499762	false
405-5181414-1945146	405-5181414-1945146	2026-09-15T12:07:50+00:00	2026-09-15T16:26:01+00:00	Shipped	Amazon	Amazon.in		Expedited	Catche Must-Quit-O Insta Ayurvedic Mosquito Repellent 45ml Refill (Pack of 4) | AYUSH Approved & Transfluthrin-Free | Non-Toxic Protection Against Den	Catche must-quit-o-insta- FBA	B077ZT3C14		Shipped	1	INR	260.0		19.0				5.2	19.0	VASAI VIRAR	MAHARASHTRA	401303	IN	PLM-f238efd3-c647-4e26-950f-eaa05c3ea40b	false				false	67752460942082	false
404-5787638-2323520		2026-09-15T12:02:05+00:00	2026-09-16T10:22:36+00:00	Shipped - Picked Up	Merchant	Amazon.in	WebsiteOrderChannel	Standard	Catche Herbal Mosquito Repellent Refill Combo with Machine (270ml) | 6 Liquid Refills (45ml Each) | Baby Safe, Pregnancy Safe | Natural Herbal Protection | No Transfluthrin | Fits All Devices	Pack of 6+device - New	B0GXWK4W73	1	Shipped	1	INR	360.0	53.82					6.1		Kothuru, Ramachandrapuram	ANDHRA PRADESH	533255	IN	PLM-f238efd3-c647-4e26-950f-eaa05c3ea40b	false			Easy Ship	false	67752954984402	false
402-7272358-7861940	402-7272358-7861940	2026-09-15T11:46:19+00:00	2026-09-15T12:43:02+00:00	Shipped	Amazon	Amazon.in		Expedited	Catche Herbal Mosquito Repellent Refill Combo | 6 Refills + 1 Machine | Safe for Babies, Pregnancy-Safe | Fits All Devices | No Transfluthrin | 270ml	Pack of 6+device-FBA	B09R3SJPB5		Shipped	1	INR	360.0								HYDERABAD	TELANGANA	502032	IN		false				false	67751469716522	false
404-7240118-7694763	404-7240118-7694763	2026-09-15T10:28:28+00:00	2026-09-15T22:22:07+00:00	Shipped	Amazon	Amazon.in		Expedited	Catche Herbal Mosquito Repellent Agarbatti - 240 Sticks (Pack of 2) | 100% Ayurvedic | DEET-Free | Safe for Kids & Pregnant Women | Low Smoke | Natura	8908006802319-FBA	B0D7MXTFB1		Shipped	1	INR	218.0								HYDERABAD	TELANGANA	500037	IN		false				false	67749408704722	false
407-0056822-8664350	407-0056822-8664350	2026-09-15T09:17:17+00:00	2026-09-15T17:50:05+00:00	Shipped	Amazon	Amazon.in		Expedited	Catche Insta Mosquito Vaporizer - Ayurvedic Mosquito Repellent | 1 Machine + 2 Refills (45ml Each)	catche insta mosquito vapouriser	B08KXSSKSV		Shipped	1	INR	210.0								BHUBANESWAR	ODISHA	752101	IN		false				false	67746937487602	false
402-0569246-9498751	402-0569246-9498751	2026-09-14T18:44:57+00:00	2026-09-15T05:25:59+00:00	Shipped	Amazon	Amazon.in		Expedited	Catche Must-Quit-O Insta Ayurvedic Mosquito Repellent 45ml Refill (Pack of 4) | AYUSH Approved & Transfluthrin-Free | Non-Toxic Protection Against Den	Catche must-quit-o-insta- FBA	B077ZT3C14		Shipped	1	INR	260.0						5.2		HYDERABAD	TELANGANA	500079	IN	PLM-f238efd3-c647-4e26-950f-eaa05c3ea40b	false				false	67681500485442	false
403-5845018-2862737		2026-09-14T17:08:02+00:00	2026-09-16T10:22:31+00:00	Shipped - Picked Up	Merchant	Amazon.in	WebsiteOrderChannel	Standard	Catche Herbal Mosquito Repellent Agarbatti - 240 Sticks (Pack of 2) | 100% Ayurvedic | DEET-Free | Safe for Kids & Pregnant Women | Low Smoke | Natural Fragrance | Indoor & Outdoor Use	8908006802319	B0D7MXTFB1	1	Shipped	1	INR	235.0	10.97					4.48		MALUR INDUSTRIAL AREA	KARNATAKA	563130	IN	PLM-f238efd3-c647-4e26-950f-eaa05c3ea40b	false			Easy Ship	false	67677411458762	false
408-6962406-9394730	408-6962406-9394730	2026-09-14T16:47:23+00:00	2026-09-14T23:18:02+00:00	Shipped	Amazon	Amazon.in		Expedited	Catche must-quit-o insta Ayurvedic Mosquito Repellent Vaporizer Liquid | Eco Friendly, Non Toxic Organic Mosqutio Repellent Vaporizer Refill 45 ML (Pa	Pack of 6-FBA	B084BXXLSQ		Shipped	1	INR	360.0								CHENNAI	TAMIL NADU	600044	IN		false				false	67678058882522	false
408-5422175-4925126	408-5422175-4925126	2026-09-14T16:16:11+00:00	2026-09-15T11:51:04+00:00	Shipped	Amazon	Amazon.in		Expedited	Catche Must-Quit-O Insta Ayurvedic Mosquito Repellent 45ml Refill (Pack of 4) | AYUSH Approved & Transfluthrin-Free | Non-Toxic Protection Against Den	Catche must-quit-o-insta- FBA	B077ZT3C14		Shipped	1	INR	260.0						5.2		THOOTHUKKUDI	TAMIL NADU	628001	IN	PLM-f238efd3-c647-4e26-950f-eaa05c3ea40b	false				false	67677192845562	false
171-2786222-8630764	171-2786222-8630764	2026-09-14T15:56:28+00:00	2026-09-15T20:15:07+00:00	Shipped	Amazon	Amazon.in		Expedited	Catche Insta Mosquito Vaporizer - Ayurvedic Mosquito Repellent | 1 Machine + 2 Refills (45ml Each)	catche insta mosquito vapouriser	B08KXSSKSV		Shipped	1	INR	210.0								Ulhasnagar	MAHARASHTRA	421004	IN		false				false	67677071411762	false
403-7227777-3706767		2026-09-13T18:25:10+00:00	2026-09-16T10:22:30+00:00	Shipped - Picked Up	Merchant	Amazon.in	WebsiteOrderChannel	Standard	Catche Must-Quit-O Ayurvedic Mosquito Tra-Pe-Ll-Ent Combo (Machine + Refill), Clear White	Catche-MosquitoTrappellent-Comb0-FBM	B07GQWYRFZ	1	Shipped	1	INR	415.0	63.3							TIRUCHIRAPPALLI	TAMIL NADU	620023	IN		false			Easy Ship	false	67653325480762	false
406-9218842-1676331	406-9218842-1676331	2026-09-13T18:01:40+00:00	2026-09-14T07:54:00+00:00	Shipped	Amazon	Amazon.in		Expedited	Catche Must-Quit-O Insta Ayurvedic Mosquito Repellent 45ml Refill (Pack of 4) | AYUSH Approved & Transfluthrin-Free | Non-Toxic Protection Against Den	Catche must-quit-o-insta- FBA	B077ZT3C14		Shipped	1	INR	260.0								GURUGRAM	HARYANA	122102	IN		false				false	67654204010522	false
171-8512925-1673169	171-8512925-1673169	2026-09-13T17:48:02+00:00	2026-09-14T03:37:03+00:00	Shipped	Amazon	Amazon.in		Expedited	Catche Herbal Mosquito Repellent Refill Combo | 6 Refills + 1 Machine | Safe for Babies, Pregnancy-Safe | Fits All Devices | No Transfluthrin | 270ml	Pack of 6+device-FBA	B09R3SJPB5		Shipped	1	INR	360.0						7.2		Surat	GUJARAT	395007	IN	PLM-f238efd3-c647-4e26-950f-eaa05c3ea40b	false				false	67653778621242	false
404-2632691-4973904	404-2632691-4973904	2026-09-13T09:03:30+00:00	2026-09-16T12:02:09+00:00	Shipped	Amazon	Amazon.in		Expedited	Catche Must-Quit-O Insta Ayurvedic Mosquito Repellent 45ml Refill (Pack of 4) | AYUSH Approved & Transfluthrin-Free | Non-Toxic Protection Against Den	Catche must-quit-o-insta- FBA	B077ZT3C14		Shipped	1	INR	260.0								LONAVALA	MAHARASHTRA	410405	IN		false				false	67640397805602	false
402-2894366-5821135	402-2894366-5821135	2026-09-13T07:26:26+00:00	2026-09-13T09:27:12+00:00	Shipped	Amazon	Amazon.in		Expedited	Catche Herbal Mosquito Repellent Refill Combo | 6 Refills + 1 Machine | Safe for Babies, Pregnancy-Safe | Fits All Devices | No Transfluthrin | 270ml	Pack of 6+device-FBA	B09R3SJPB5		Shipped	2	INR	720.0						14.4		ARUPPUKOTTAI	TAMIL NADU	626101	IN	PLM-f238efd3-c647-4e26-950f-eaa05c3ea40b	false				false	67638687973162	false
405-6598848-6750705	405-6598848-6750705	2026-09-13T07:18:26+00:00	2026-09-13T14:06:56+00:00	Shipped	Amazon	Amazon.in		Expedited	Catche must-quit-o insta Ayurvedic Mosquito Repellent Vaporizer Liquid | Eco Friendly, Non Toxic Organic Mosqutio Repellent Vaporizer Refill 45 ML (Pa	Pack of 6-FBA	B084BXXLSQ		Shipped	1	INR	360.0						7.2		Mumbai	MAHARASHTRA	400089	IN	PLM-f238efd3-c647-4e26-950f-eaa05c3ea40b	false				false	67637567837322	false
403-7516830-4184349		2026-09-12T23:21:21+00:00	2026-09-15T08:48:30+00:00	Shipped - Picked Up	Merchant	Amazon.in	WebsiteOrderChannel	Standard	Catche Ayurvedic Mosquito Repellent Lotion - 60ml (Pack of 3) | Herbal & DEET-Free | 8-Hour Protection | Safe for Kids, Adults & Pregnant Women | Non-Sticky & Skin-Friendly	Catche mosquito repellent lotion	B08NJGSBWM	3	Shipped	1	INR	200.0	9.52							HYDERABAD	TELANGANA	500018	IN		false			Easy Ship	false	67631553607522	false
406-2354359-6853945		2026-09-12T23:16:45+00:00	2026-09-15T08:48:29+00:00	Shipped - Picked Up	Merchant	Amazon.in	WebsiteOrderChannel	Standard	Catche Ayurvedic Mosquito Repellent Lotion - 60ml (Pack of 3) | Herbal & DEET-Free | 8-Hour Protection | Safe for Kids, Adults & Pregnant Women | Non-Sticky & Skin-Friendly	Catche mosquito repellent lotion	B08NJGSBWM	3	Shipped	1	INR	200.0	9.33					3.81		UDAIPUr	RAJASTHAN	313003	IN	PLM-f238efd3-c647-4e26-950f-eaa05c3ea40b	false			Easy Ship	false	67631361749162	false
402-7108902-9240348	402-7108902-9240348	2026-09-12T19:03:16+00:00	2026-09-12T19:03:32+00:00	Cancelled	Amazon	Amazon.in		Expedited	Catche Herbal Mosquito Repellent Refill Combo | 6 Refills + 1 Machine | Safe for Babies, Pregnancy-Safe | Fits All Devices | No Transfluthrin | 270ml	Pack of 6+device-FBA	B09R3SJPB5		Cancelled	0										Pimpri Chinchwad	MAHARASHTRA	411033	IN	PLM-f238efd3-c647-4e26-950f-eaa05c3ea40b	false				false	67627511163802	false
408-5919438-9497153	408-5919438-9497153	2026-09-12T17:47:16+00:00	2026-09-13T06:18:04+00:00	Shipped	Amazon	Amazon.in		Expedited	Catche must-quit-o insta Ayurvedic Mosquito Repellent Vaporizer Liquid | Eco Friendly, Non Toxic Organic Mosqutio Repellent Vaporizer Refill 45 ML (Pa	Pack of 6-FBA	B084BXXLSQ		Shipped	1	INR	360.0		40.0					40.0	JAIPUR	RAJASTHAN	302004	IN		false				false	67625563325122	false
407-4983123-2814703	407-4983123-2814703	2026-09-12T17:15:49+00:00	2026-09-15T05:33:00+00:00	Shipped	Amazon	Amazon.in		Expedited	Catche Herbal Mosquito Repellent Refill Combo | 6 Refills + 1 Machine | Safe for Babies, Pregnancy-Safe | Fits All Devices | No Transfluthrin | 270ml	Pack of 6+device-FBA	B09R3SJPB5		Shipped	1	INR	360.0		40.0					40.0	ANNAMALAI NAGAR	TAMIL NADU	608002	IN		false				false	67625040765042	false
407-3794842-8896357	407-3794842-8896357	2026-09-12T17:06:28+00:00	2026-09-12T17:21:23+00:00	Cancelled	Amazon	Amazon.in		Expedited	Catche Must-Quit-O Insta Ayurvedic Mosquito Repellent 45ml Refill (Pack of 4) | AYUSH Approved & Transfluthrin-Free | Non-Toxic Protection Against Den	Catche must-quit-o-insta- FBA	B077ZT3C14		Cancelled	0										ANNAMALAI NAGAR	TAMIL NADU	608002	IN		false				false	67624891754642	false
406-2461454-2058728	406-2461454-2058728	2026-09-12T15:19:18+00:00	2026-09-12T17:51:04+00:00	Shipped	Amazon	Amazon.in		Expedited	Catche Insta Mosquito Vaporizer - Ayurvedic Mosquito Repellent | 1 Machine + 2 Refills (45ml Each)	catche insta mosquito vapouriser	B08KXSSKSV		Shipped	2	INR	420.0		19.0				42.0	19.0	GURUGRAM	HARYANA	122101	IN	PLM-f238efd3-c647-4e26-950f-eaa05c3ea40b,BXGY-A3HOA2HYMHXFT1-BUY_2_GET_10_PERCENT-A21TJRUUN4KGV-06/04/2026	false				false	67621482280922	false
403-1450076-1950728	403-1450076-1950728	2026-09-12T13:47:55+00:00	2026-09-12T19:32:18+00:00	Shipped	Amazon	Amazon.in		Expedited	Catche Must-Quit-O Insta Ayurvedic Mosquito Repellent 45ml Refill (Pack of 4) | AYUSH Approved & Transfluthrin-Free | Non-Toxic Protection Against Den	Catche must-quit-o-insta- FBA	B077ZT3C14		Shipped	1	INR	260.0								AHMEDABAD	GUJARAT	380050	IN		false				false	67619520386002	false
403-2705148-9284334		2026-09-12T13:35:14+00:00	2026-09-15T08:50:31+00:00	Shipped - Picked Up	Merchant	Amazon.in	WebsiteOrderChannel	Standard	Catche Herbal Mosquito Repellent Agarbatti - 240 Sticks (Pack of 2) | 100% Ayurvedic | DEET-Free | Safe for Kids & Pregnant Women | Low Smoke | Natural Fragrance | Indoor & Outdoor Use	8908006802319	B0D7MXTFB1	1	Shipped	1	INR	235.0	11.19							PUNE	MAHARASHTRA	411037	IN		false			Easy Ship	false	67619468958442	false
403-9103626-6305932	403-9103626-6305932	2026-09-12T13:24:42+00:00	2026-09-13T17:47:05+00:00	Shipped	Amazon	Amazon.in		Expedited	Catche Herbal Mosquito Repellent Refill Combo | 6 Refills + 1 Machine | Safe for Babies, Pregnancy-Safe | Fits All Devices | No Transfluthrin | 270ml	Pack of 6+device-FBA	B09R3SJPB5		Shipped	1	INR	360.0						7.2		BENGALURU	KARNATAKA	560100	IN	PLM-f238efd3-c647-4e26-950f-eaa05c3ea40b	false				false	67619184836402	false
404-8227069-1233908	404-8227069-1233908	2026-09-12T13:22:10+00:00	2026-09-12T16:54:55+00:00	Shipped	Amazon	Amazon.in		Expedited	Catche Herbal Mosquito Repellent Refill Combo | 6 Refills + 1 Machine | Safe for Babies, Pregnancy-Safe | Fits All Devices | No Transfluthrin | 270ml	Pack of 6+device-FBA	B09R3SJPB5		Shipped	1	INR	360.0								Hyderabad	TELANGANA	500072	IN		false				false	67619230961682	false
403-6484145-4658729		2026-09-12T13:02:36+00:00	2026-09-15T08:52:28+00:00	Shipped - Picked Up	Merchant	Amazon.in	WebsiteOrderChannel	Standard	Gadiva Ayurvedic Hair Oil - 100ml | Reduces Hair Fall & Dandruff | Unisex Herbal Oil with Neem Comb	Gadiva Ayurvedic Hair Oil MFN	B07V7YCJ9S	1	Shipped	2	INR	498.0	68.36					42.2		Karimnagar	TELANGANA	505001	IN	BXGY-A3HOA2HYMHXFT1-BUY_2_GET_10_PERCENT-A21TJRUUN4KGV-06/04/2026	false			Easy Ship	false	67618656465842	false
402-1885156-2337140		2026-09-12T09:12:08+00:00	2026-09-16T10:22:33+00:00	Shipped - Picked Up	Merchant	Amazon.in	WebsiteOrderChannel	Standard	Catche Herbal Mosquito Repellent Agarbatti - 240 Sticks (Pack of 2) | 100% Ayurvedic | DEET-Free | Safe for Kids & Pregnant Women | Low Smoke | Natural Fragrance | Indoor & Outdoor Use	8908006802319	B0D7MXTFB1	1	Shipped	1	INR	235.0	10.97					4.48		bhilwara	RAJASTHAN	311001	IN	PLM-f238efd3-c647-4e26-950f-eaa05c3ea40b	false			Easy Ship	false	67612755561242	false
404-8646035-4664354	404-8646035-4664354	2026-09-12T06:39:01+00:00	2026-09-12T15:32:07+00:00	Shipped	Amazon	Amazon.in		Expedited	Catche Herbal Mosquito Repellent Refill Combo | 6 Refills + 1 Machine | Safe for Babies, Pregnancy-Safe | Fits All Devices | No Transfluthrin | 270ml	Pack of 6+device-FBA	B09R3SJPB5		Shipped	1	INR	360.0								SHILLONG	MEGHALAYA	793014	IN		false				false	67608279385802	false
407-3066990-2701932	407-3066990-2701932	2026-09-12T06:18:55+00:00	2026-09-12T08:37:07+00:00	Shipped	Amazon	Amazon.in		Expedited	Catche Must-Quit-O Insta Ayurvedic Mosquito Repellent 45ml Refill (Pack of 4) | AYUSH Approved & Transfluthrin-Free | Non-Toxic Protection Against Den	Catche must-quit-o-insta- FBA	B077ZT3C14		Shipped	1	INR	260.0								VISAKHAPATNAM	ANDHRA PRADESH	530016	IN		false				false	67608962229762	false
407-7273864-0274753	407-7273864-0274753	2026-09-11T21:52:55+00:00	2026-09-12T09:07:57+00:00	Shipped	Amazon	Amazon.in		Expedited	Catche Herbal Mosquito Repellent Refill Combo | 6 Refills + 1 Machine | Safe for Babies, Pregnancy-Safe | Fits All Devices | No Transfluthrin | 270ml	Pack of 6+device-FBA	B09R3SJPB5		Shipped	1	INR	360.0		19.0				7.2	19.0	MUMBAI	MAHARASHTRA	400058	IN	PLM-f238efd3-c647-4e26-950f-eaa05c3ea40b	false				false	67599093285682	false
408-3254196-7826713		2026-09-11T17:34:25+00:00	2026-09-16T19:07:09+00:00	Cancelled	Merchant	Amazon.in	WebsiteOrderChannel	Standard	Catche Ayurvedic Mosquito Trap Refill (35ml, Pack of 4) | Herbal & Insecticide-Free | Safe for Babies & Pregnant Women | Air-Purifying Mosquito Killer for Indoor Use	Catch-e Mosquito Trapper Liquid (35 ml,	B01CVDD26C	4		0	INR	247.62	12.38							MAHESANA	GUJARAT	384001	IN		false			Easy Ship	false	67593171131482	false
404-7977975-7280342		2026-09-11T17:23:36+00:00	2026-09-14T18:46:32+00:00	Cancelled	Merchant	Amazon.in	WebsiteOrderChannel	Standard	Catche Herbal Mosquito Repellent Agarbatti - 240 Sticks (Pack of 2) | 100% Ayurvedic | DEET-Free | Safe for Kids & Pregnant Women | Low Smoke | Natural Fragrance | Indoor & Outdoor Use	8908006802319	B0D7MXTFB1	1		0	INR	223.8	11.2							CUDDALORE	TAMIL NADU	607002	IN		false			Easy Ship	false	67592707043362	false
405-3265934-8448309	405-3265934-8448309	2026-09-11T17:17:15+00:00	2026-09-12T08:25:01+00:00	Shipped	Amazon	Amazon.in		Expedited	Catche Herbal Mosquito Repellent Refill Combo | 6 Refills + 1 Machine | Safe for Babies, Pregnancy-Safe | Fits All Devices | No Transfluthrin | 270ml	Pack of 6+device-FBA	B09R3SJPB5		Shipped	1	INR	360.0		40.0					40.0	THANE	MAHARASHTRA	401107	IN		false				false	67592547682442	false
408-8641891-1828365	408-8641891-1828365	2026-09-11T13:57:00+00:00	2026-09-12T07:57:00+00:00	Shipped	Amazon	Amazon.in		Expedited	Catche Herbal Mosquito Repellent Refill Combo | 6 Refills + 1 Machine | Safe for Babies, Pregnancy-Safe | Fits All Devices | No Transfluthrin | 270ml	Pack of 6+device-FBA	B09R3SJPB5		Shipped	1	INR	360.0						7.2		AHMEDABAD	GUJARAT	380026	IN	PLM-f238efd3-c647-4e26-950f-eaa05c3ea40b	true				false	67587289693442	false
171-7579907-1446758		2026-09-11T13:40:45+00:00	2026-09-16T19:04:15+00:00	Cancelled	Merchant	Amazon.in	WebsiteOrderChannel	Standard	Gadiva Ayurvedic Hair Oil - 100ml | Reduces Hair Fall & Dandruff | Unisex Herbal Oil with Neem Comb	Gadiva Ayurvedic Hair Oil MFN	B07V7YCJ9S	1		0	INR	211.02	37.22					4.22		NEEDAMANGALAM	TAMIL NADU	610206	IN		false			Easy Ship	false	67586455454842	false
404-0269683-8754749	404-0269683-8754749	2026-09-11T13:12:17+00:00	2026-09-11T23:02:14+00:00	Shipped	Amazon	Amazon.in		Expedited	Catche Must-Quit-O Insta Ayurvedic Mosquito Repellent 45ml Refill (Pack of 4) | AYUSH Approved & Transfluthrin-Free | Non-Toxic Protection Against Den	Catche must-quit-o-insta- FBA	B077ZT3C14		Shipped	1	INR	260.0		40.0					40.0	KOLAR	KARNATAKA	563157	IN		false				false	67586345672362	false
406-4279195-9673922	406-4279195-9673922	2026-09-11T12:17:08+00:00	2026-09-12T11:38:34+00:00	Shipped	Amazon	Amazon.in		Expedited	Catche Insta Mosquito Vaporizer - Ayurvedic Mosquito Repellent | 1 Machine + 2 Refills (45ml Each)	catche insta mosquito vapouriser	B08KXSSKSV		Shipped	1	INR	210.0						4.2		AGARTALA	TRIPURA	799001	IN	PLM-f238efd3-c647-4e26-950f-eaa05c3ea40b	false				false	67582615405762	false
403-9114101-7161966	403-9114101-7161966	2026-09-11T12:15:40+00:00	2026-09-11T15:14:03+00:00	Shipped	Amazon	Amazon.in		Expedited	Catche Insta Mosquito Vaporizer - Ayurvedic Mosquito Repellent | 1 Machine + 2 Refills (45ml Each)	catche insta mosquito vapouriser	B08KXSSKSV		Shipped	1	INR	210.0						4.2		Chennai	TAMIL NADU	600075	IN	PLM-f238efd3-c647-4e26-950f-eaa05c3ea40b	false				false	67584329846522	false
171-3324962-2479569		2026-09-11T09:15:21+00:00	2026-09-14T18:36:21+00:00	Cancelled	Merchant	Amazon.in	WebsiteOrderChannel	Standard	Catche Herbal Mosquito Repellent Agarbatti - 240 Sticks (Pack of 2) | 100% Ayurvedic | DEET-Free | Safe for Kids & Pregnant Women | Low Smoke | Natural Fragrance | Indoor & Outdoor Use	8908006802319	B0D7MXTFB1	1		0	INR	223.81	11.19							BHADERWAH	JAMMU & KASHMIR	182222	IN		false			Easy Ship	false	67580313957922	false
404-4466626-3696305		2026-09-11T04:34:35+00:00	2026-09-11T04:43:16+00:00	Cancelled	Merchant	Amazon.in	WebsiteOrderChannel	Standard	Catche Herbal Mosquito Repellent Agarbatti - 240 Sticks (Pack of 2) | 100% Ayurvedic | DEET-Free | Safe for Kids & Pregnant Women | Low Smoke | Natural Fragrance | Indoor & Outdoor Use	8908006802319	B0D7MXTFB1	1		0										Kolkata	WEST BENGAL	700049	IN		false			Easy Ship	false	67574299937802	false
402-2415750-1457929	402-2415750-1457929	2026-09-10T19:14:02+00:00	2026-09-11T11:45:04+00:00	Shipped	Amazon	Amazon.in		Expedited	Catche Insta Mosquito Vaporizer - Ayurvedic Mosquito Repellent | 1 Machine + 2 Refills (45ml Each)	catche insta mosquito vapouriser	B08KXSSKSV		Shipped	1	INR	210.0								SAWANTWADI	MAHARASHTRA	416510	IN		false				false	67566202554002	false
405-7997723-7791515	405-7997723-7791515	2026-09-10T19:00:19+00:00	2026-09-11T04:09:59+00:00	Shipped	Amazon	Amazon.in		Expedited	Catche Must-Quit-O Insta Ayurvedic Mosquito Repellent 45ml Refill (Pack of 4) | AYUSH Approved & Transfluthrin-Free | Non-Toxic Protection Against Den	Catche must-quit-o-insta- FBA	B077ZT3C14		Shipped	1	INR	260.0		19.0				5.2	19.0	NOIDA	UTTAR PRADESH	201309	IN	PLM-f238efd3-c647-4e26-950f-eaa05c3ea40b	false				false	67563664777282	false
404-4600872-2992342	404-4600872-2992342	2026-09-10T15:33:33+00:00	2026-09-11T06:25:01+00:00	Shipped	Amazon	Amazon.in		Expedited	Catche Must-Quit-O Insta Ayurvedic Mosquito Repellent 45ml Refill (Pack of 4) | AYUSH Approved & Transfluthrin-Free | Non-Toxic Protection Against Den	Catche must-quit-o-insta- FBA	B077ZT3C14		Shipped	2	INR	520.0						52.0		VISAKHAPATNAM	ANDHRA PRADESH	530028	IN	PLM-f238efd3-c647-4e26-950f-eaa05c3ea40b,BXGY-A3HOA2HYMHXFT1-BUY_2_GET_10_PERCENT-A21TJRUUN4KGV-06/04/2026	false				false	67559826335882	false
405-2084433-4922743	405-2084433-4922743	2026-09-10T15:13:58+00:00	2026-09-10T22:57:01+00:00	Shipped	Amazon	Amazon.in		Expedited	Catche must-quit-o insta Ayurvedic Mosquito Repellent Vaporizer Liquid | Eco Friendly, Non Toxic Organic Mosqutio Repellent Vaporizer Refill 45 ML (Pa	Pack of 6-FBA	B084BXXLSQ		Shipped	1	INR	360.0								Kalavoor	KERALA	688522	IN		false				false	67558608811842	false
408-3983908-8649962		2026-09-10T15:08:33+00:00	2026-09-14T12:19:25+00:00	Shipped - Delivered to Buyer	Merchant	Amazon.in	WebsiteOrderChannel	Standard	Catche Herbal Mosquito Repellent Agarbatti - 240 Sticks (Pack of 2) | 100% Ayurvedic | DEET-Free | Safe for Kids & Pregnant Women | Low Smoke | Natural Fragrance | Indoor & Outdoor Use	8908006802319	B0D7MXTFB1	1	Shipped	1	INR	235.0	11.2							CHENNAI	TAMIL NADU	603108	IN		false			Easy Ship	false	67558605100882	false
407-1154532-6009923		2026-09-10T15:04:38+00:00	2026-09-15T11:30:30+00:00	Shipped - Delivered to Buyer	Merchant	Amazon.in	WebsiteOrderChannel	Standard	Catche Herbal Mosquito Repellent Agarbatti - 240 Sticks (Pack of 2) | 100% Ayurvedic | DEET-Free | Safe for Kids & Pregnant Women | Low Smoke | Natural Fragrance | Indoor & Outdoor Use	8908006802319	B0D7MXTFB1	1	Shipped	1	INR	235.0	10.97					4.48		MUMBAI	MAHARASHTRA	400103	IN	PLM-f238efd3-c647-4e26-950f-eaa05c3ea40b	false			Easy Ship	false	67558415732042	false
402-8260081-7451504	402-8260081-7451504	2026-09-10T14:30:11+00:00	2026-09-10T21:26:12+00:00	Shipped	Amazon	Amazon.in		Expedited	Catche Herbal Mosquito Repellent Refill Combo | 6 Refills + 1 Machine | Safe for Babies, Pregnancy-Safe | Fits All Devices | No Transfluthrin | 270ml	Pack of 6+device-FBA	B09R3SJPB5		Shipped	1	INR	360.0						7.2		AHMEDABAD	GUJARAT	382445	IN	PLM-f238efd3-c647-4e26-950f-eaa05c3ea40b	false				false	67557211445802	false
408-1522438-8977931		2026-09-10T09:57:47+00:00	2026-09-15T02:56:57+00:00	Shipped - Delivered to Buyer	Merchant	Amazon.in	WebsiteOrderChannel	Standard	Catche Herbal Mosquito Repellent Agarbatti - 240 Sticks (Pack of 2) | 100% Ayurvedic | DEET-Free | Safe for Kids & Pregnant Women | Low Smoke | Natural Fragrance | Indoor & Outdoor Use	8908006802319	B0D7MXTFB1	1	Shipped	1	INR	235.0	11.19							Mumbai	MAHARASHTRA	400015	IN		false			Easy Ship	false	67548983473162	false
405-5297213-0800362	405-5297213-0800362	2026-09-10T07:47:49+00:00	2026-09-10T19:11:59+00:00	Shipped	Amazon	Amazon.in		Expedited	Catche must-quit-o Insta Mosquito Vaporiser (1 Machine1 Refill)	CT_INSTA_COM_1M+1R_FBA	B0HH95W2VW		Shipped	3	INR	285.0		120.0				5.7	120.0	UKAI	GUJARAT	394680	IN	PLM-f238efd3-c647-4e26-950f-eaa05c3ea40b	false				false	67545630369362	false
408-5556370-8372351	408-5556370-8372351	2026-09-10T05:32:25+00:00	2026-09-11T22:06:45+00:00	Shipped	Amazon	Amazon.in		Expedited	Catche must-quit-o Insta Mosquito Vaporiser (1 Machine1 Refill)	CT_INSTA_COM_1M+1R_FBA	B0HH95W2VW		Shipped	1	INR	95.0						1.9		UDAIPUR	RAJASTHAN	313001	IN	PLM-f238efd3-c647-4e26-950f-eaa05c3ea40b	false				false	67541683158962	false
406-0274466-0491519	406-0274466-0491519	2026-09-10T05:05:01+00:00	2026-09-10T12:17:04+00:00	Shipped	Amazon	Amazon.in		Expedited	Catche Herbal Mosquito Repellent Refill Combo | 6 Refills + 1 Machine | Safe for Babies, Pregnancy-Safe | Fits All Devices | No Transfluthrin | 270ml	Pack of 6+device-FBA	B09R3SJPB5		Shipped	1	INR	360.0						7.2		JEJURI	MAHARASHTRA	412303	IN	PLM-f238efd3-c647-4e26-950f-eaa05c3ea40b	false				false	67540022512602	false
404-2259903-5908314	404-2259903-5908314	2026-09-10T05:01:39+00:00	2026-09-10T07:40:59+00:00	Shipped	Amazon	Amazon.in		Expedited	Catche Must-Quit-O Insta Ayurvedic Mosquito Repellent 45ml Refill (Pack of 4) | AYUSH Approved & Transfluthrin-Free | Non-Toxic Protection Against Den	Catche must-quit-o-insta- FBA	B077ZT3C14		Shipped	1	INR	260.0		40.0				5.2	40.0	BADDI	HIMACHAL PRADESH	173205	IN	PLM-f238efd3-c647-4e26-950f-eaa05c3ea40b	false				false	67540223979042	false
171-7176365-9678763	171-7176365-9678763	2026-09-10T04:26:05+00:00	2026-09-10T11:41:02+00:00	Shipped	Amazon	Amazon.in		Expedited	Catche Must-Quit-O Insta Ayurvedic Mosquito Repellent 45ml Refill (Pack of 4) | AYUSH Approved & Transfluthrin-Free | Non-Toxic Protection Against Den	Catche must-quit-o-insta- FBA	B077ZT3C14		Shipped	1	INR	260.0		40.0				5.2	40.0	PUNE	MAHARASHTRA	411058	IN	PLM-f238efd3-c647-4e26-950f-eaa05c3ea40b	false				false	67539101103762	false
406-4327041-9804316		2026-09-10T00:49:57+00:00	2026-09-12T19:13:13+00:00	Cancelled	Merchant	Amazon.in	WebsiteOrderChannel	Standard	Catche Ayurvedic Mosquito Repellent Lotion - 60ml (Pack of 3) | Herbal & DEET-Free | 8-Hour Protection | Safe for Kids, Adults & Pregnant Women | Non-Sticky & Skin-Friendly	Catche mosquito repellent lotion	B08NJGSBWM	3		0	INR	380.96	19.04							UDAIPUr	RAJASTHAN	313003	IN		false			Easy Ship	false	67524065437242	false
406-1016778-8829161		2026-09-10T00:42:28+00:00	2026-09-10T04:56:05+00:00	Cancelled	Merchant	Amazon.in	WebsiteOrderChannel	Standard	Catche Ayurvedic Mosquito Repellent Lotion - 60ml (Pack of 3) | Herbal & DEET-Free | 8-Hour Protection | Safe for Kids, Adults & Pregnant Women | Non-Sticky & Skin-Friendly	Catche mosquito repellent lotion	B08NJGSBWM	3		0										UDAIPUr	RAJASTHAN	313003	IN		false			Easy Ship	false	67524373588882	false
407-9863855-3722730	407-9863855-3722730	2026-09-09T22:08:04+00:00	2026-09-10T05:04:01+00:00	Shipped	Amazon	Amazon.in		Expedited	Catche Must-Quit-O Insta Ayurvedic Mosquito Repellent 45ml Refill (Pack of 4) | AYUSH Approved & Transfluthrin-Free | Non-Toxic Protection Against Den	Catche must-quit-o-insta- FBA	B077ZT3C14		Shipped	1	INR	260.0								MANGALURU	KARNATAKA	575014	IN		false				false	67521360230042	false
405-0024217-2061141	405-0024217-2061141	2026-09-09T19:14:32+00:00	2026-09-10T08:51:56+00:00	Shipped	Amazon	Amazon.in		Expedited	Catche Must-Quit-O Insta Ayurvedic Mosquito Repellent 45ml Refill (Pack of 4) | AYUSH Approved & Transfluthrin-Free | Non-Toxic Protection Against Den	Catche must-quit-o-insta- FBA	B077ZT3C14		Shipped	1	INR	260.0								Mumbai	MAHARASHTRA	400074	IN		false				false	67514112508962	false
407-0465836-4077138	407-0465836-4077138	2026-09-09T18:48:28+00:00	2026-09-11T09:04:20+00:00	Shipped	Amazon	Amazon.in		Expedited	Catche Herbal Mosquito Repellent Refill Combo | 6 Refills + 1 Machine | Safe for Babies, Pregnancy-Safe | Fits All Devices | No Transfluthrin | 270ml	Pack of 6+device-FBA	B09R3SJPB5		Shipped	1	INR	360.0						7.2		RAIPUR	CHHATTISGARH	492004	IN	PLM-f238efd3-c647-4e26-950f-eaa05c3ea40b	false				false	67513572533962	false
407-1384328-4869142	407-1384328-4869142	2026-09-09T17:25:20+00:00	2026-09-10T04:09:59+00:00	Shipped	Amazon	Amazon.in		Expedited	Catche Must-Quit-O Insta Ayurvedic Mosquito Repellent 45ml Refill (Pack of 4) | AYUSH Approved & Transfluthrin-Free | Non-Toxic Protection Against Den	Catche must-quit-o-insta- FBA	B077ZT3C14		Shipped	1	INR	260.0		40.0					40.0	CHENNAI	TAMIL NADU	600076	IN		false				false	67509768393562	false
404-0319296-0629178	404-0319296-0629178	2026-09-09T17:13:20+00:00	2026-09-11T07:23:05+00:00	Shipped	Amazon	Amazon.in		Expedited	Catche Herbal Mosquito Repellent Refill Combo | 6 Refills + 1 Machine | Safe for Babies, Pregnancy-Safe | Fits All Devices | No Transfluthrin | 270ml	Pack of 6+device-FBA	B09R3SJPB5		Shipped	1	INR	360.0						7.2		PRATAPGARH	RAJASTHAN	312605	IN	PLM-f238efd3-c647-4e26-950f-eaa05c3ea40b	false				false	67508584574642	false
408-7198549-6198762		2026-09-09T16:38:06+00:00	2026-09-12T19:07:32+00:00	Cancelled	Merchant	Amazon.in	WebsiteOrderChannel	Standard	Catche Herbal Mosquito Repellent Agarbatti - 240 Sticks (Pack of 2) | 100% Ayurvedic | DEET-Free | Safe for Kids & Pregnant Women | Low Smoke | Natural Fragrance | Indoor & Outdoor Use	8908006802319	B0D7MXTFB1	1		0	INR	223.81	11.19							Bangalore	KARNATAKA	562110	IN		true			Easy Ship	false	67507472340202	false
408-0178022-7624324	408-0178022-7624324	2026-09-09T15:49:57+00:00	2026-09-09T17:37:00+00:00	Shipped	Amazon	Amazon.in		Expedited	Catche Must-Quit-O Insta Ayurvedic Mosquito Repellent 45ml Refill (Pack of 4) | AYUSH Approved & Transfluthrin-Free | Non-Toxic Protection Against Den	Catche must-quit-o-insta- FBA	B077ZT3C14		Shipped	1	INR	260.0						5.2		GREATER NOIDA	UTTAR PRADESH	201310	IN	PLM-f238efd3-c647-4e26-950f-eaa05c3ea40b	false				false	67504895605002	false
403-5546335-9897964	403-5546335-9897964	2026-09-09T09:30:03+00:00	2026-09-09T14:16:09+00:00	Shipped	Amazon	Amazon.in		Expedited	Catche Herbal Mosquito Repellent Refill Combo | 6 Refills + 1 Machine | Safe for Babies, Pregnancy-Safe | Fits All Devices | No Transfluthrin | 270ml	Pack of 6+device-FBA	B09R3SJPB5		Shipped	1	INR	360.0		19.0				7.2	19.0	Gurugram	HARYANA	122006	IN	PLM-f238efd3-c647-4e26-950f-eaa05c3ea40b	false				false	67490497594402	false
407-1128703-0028334	407-1128703-0028334	2026-09-09T08:54:16+00:00	2026-09-09T15:39:59+00:00	Shipped	Amazon	Amazon.in		Expedited	Catche Insta Mosquito Vaporizer - Ayurvedic Mosquito Repellent | 1 Machine + 2 Refills (45ml Each)	catche insta mosquito vapouriser	B08KXSSKSV		Shipped	1	INR	210.0		40.0						DOBASPET INDUSTRIAL AREA	KARNATAKA	562111	IN		false				false	67491621513882	false
405-6117848-5600300		2026-09-09T04:17:13+00:00	2026-09-16T11:42:19+00:00	Shipped - Delivered to Buyer	Merchant	Amazon.in	WebsiteOrderChannel	Standard	Catche Herbal Mosquito Repellent Agarbatti - 240 Sticks (Pack of 2) | 100% Ayurvedic | DEET-Free | Safe for Kids & Pregnant Women | Low Smoke | Natural Fragrance | Indoor & Outdoor Use	MT_INCENSE_STICKS	B0D7MXTFB1	1	Shipped	1	INR	235.0	35.85							BAGULA	WEST BENGAL	741502	IN		false			Easy Ship	false	67485866755042	false
171-6589386-1427550	171-6589386-1427550	2026-09-09T03:50:22+00:00	2026-09-09T05:57:07+00:00	Shipped	Amazon	Amazon.in		Expedited	Catche Herbal Mosquito Repellent Refill Combo | 6 Refills + 1 Machine | Safe for Babies, Pregnancy-Safe | Fits All Devices | No Transfluthrin | 270ml	Pack of 6+device-FBA	B09R3SJPB5		Shipped	1	INR	360.0						7.2		MHOW	MADHYA PRADESH	453446	IN	PLM-f238efd3-c647-4e26-950f-eaa05c3ea40b	false				false	67485020578842	false
408-6858059-0674767	408-6858059-0674767	2026-09-09T02:20:54+00:00	2026-09-09T10:32:12+00:00	Shipped	Amazon	Amazon.in		Expedited	Catche Must-Quit-O Insta Ayurvedic Mosquito Repellent 45ml Refill (Pack of 4) | AYUSH Approved & Transfluthrin-Free | Non-Toxic Protection Against Den	Catche must-quit-o-insta- FBA	B077ZT3C14		Shipped	1	INR	260.0								PATNA	BIHAR	800014	IN		false				false	67480851871442	false
406-8591649-1946710	406-8591649-1946710	2026-09-08T18:53:14+00:00	2026-09-09T05:21:58+00:00	Shipped	Amazon	Amazon.in		Expedited	Catche must-quit-o insta Ayurvedic Mosquito Repellent Vaporizer Liquid | Eco Friendly, Non Toxic Organic Mosqutio Repellent Vaporizer Refill 45 ML (Pa	Pack of 6-FBA	B084BXXLSQ		Shipped	1	INR	360.0								Ichapur	WEST BENGAL	743144	IN		true				false	67479393635482	false
402-0759292-2826737		2026-09-08T17:56:03+00:00	2026-09-15T16:15:28+00:00	Shipped - Out for Delivery	Merchant	Amazon.in	WebsiteOrderChannel	Standard	Catche Herbal Mosquito Repellent Agarbatti - 240 Sticks (Pack of 2) | 100% Ayurvedic | DEET-Free | Safe for Kids & Pregnant Women | Low Smoke | Natural Fragrance | Indoor & Outdoor Use	8908006802319	B0D7MXTFB1	1	Shipped	1	INR	235.0	11.19							SAWANTWADI	MAHARASHTRA	416510	IN		false			Easy Ship	false	67475409584802	false
406-6088026-0754764	406-6088026-0754764	2026-09-08T17:55:53+00:00	2026-09-09T05:45:00+00:00	Shipped	Amazon	Amazon.in		Expedited	Catche Herbal Mosquito Repellent Refill Combo | 6 Refills + 1 Machine | Safe for Babies, Pregnancy-Safe | Fits All Devices | No Transfluthrin | 270ml	Pack of 6+device-FBA	B09R3SJPB5		Shipped	1	INR	360.0		40.0				7.2	40.0	BHILWARA	RAJASTHAN	311001	IN	PLM-f238efd3-c647-4e26-950f-eaa05c3ea40b	false				false	67476622575162	false
406-8384847-8920331	406-8384847-8920331	2026-09-08T17:34:38+00:00	2026-09-08T20:44:10+00:00	Shipped	Amazon	Amazon.in		Expedited	Catche Must-Quit-O Insta Ayurvedic Mosquito Repellent 45ml Refill (Pack of 4) | AYUSH Approved & Transfluthrin-Free | Non-Toxic Protection Against Den	Catche must-quit-o-insta- FBA	B077ZT3C14		Shipped	1	INR	260.0						5.2		CHENNAI	TAMIL NADU	600059	IN	PLM-f238efd3-c647-4e26-950f-eaa05c3ea40b	false				false	67475356256042	false
402-6723552-8320357	402-6723552-8320357	2026-09-08T16:37:31+00:00	2026-09-09T08:04:11+00:00	Shipped	Amazon	Amazon.in		Expedited	Catche Herbal Mosquito Repellent Refill Combo | 6 Refills + 1 Machine | Safe for Babies, Pregnancy-Safe | Fits All Devices | No Transfluthrin | 270ml	Pack of 6+device-FBA	B09R3SJPB5		Shipped	1	INR	360.0						7.2		RAJAHMUNDRY	ANDHRA PRADESH	533105	IN	PLM-f238efd3-c647-4e26-950f-eaa05c3ea40b	false				false	67475029947362	false
407-8716229-4338766	407-8716229-4338766	2026-09-08T16:06:28+00:00	2026-09-09T03:50:55+00:00	Shipped	Amazon	Amazon.in		Expedited	Catche Must-Quit-O Insta Ayurvedic Mosquito Repellent 45ml Refill (Pack of 4) | AYUSH Approved & Transfluthrin-Free | Non-Toxic Protection Against Den	Catche must-quit-o-insta- FBA	B077ZT3C14		Shipped	1	INR	260.0								THRISSUR	KERALA	680587	IN		false				false	67471800159242	false
171-1082707-3481946		2026-09-08T13:52:06+00:00	2026-09-12T04:19:00+00:00	Shipped - Delivered to Buyer	Merchant	Amazon.in	WebsiteOrderChannel	Standard	Gadiva Ayurvedic Hair Oil - 100ml | Reduces Hair Fall & Dandruff | Unisex Herbal Oil with Neem Comb	Gadiva Ayurvedic Hair Oil MFN	B07V7YCJ9S	1	Shipped	1	INR	249.0	37.22					4.22		PONNERI	TAMIL NADU	601204	IN	PLM-f238efd3-c647-4e26-950f-eaa05c3ea40b	false			Easy Ship	false	67470248759282	false
405-9550173-5028369	405-9550173-5028369	2026-09-08T13:35:02+00:00	2026-09-08T19:16:05+00:00	Shipped	Amazon	Amazon.in		Expedited	Catche Must-Quit-O Insta Ayurvedic Mosquito Repellent 45ml Refill (Pack of 4) | AYUSH Approved & Transfluthrin-Free | Non-Toxic Protection Against Den	Catche must-quit-o-insta- FBA	B077ZT3C14		Shipped	1	INR	260.0		9.5					9.5	CHENNAI	TAMIL NADU	600045	IN		false				false	67470783879642	false
407-3805866-3094738	407-3805866-3094738	2026-09-08T12:56:25+00:00	2026-09-08T15:11:01+00:00	Shipped	Amazon	Amazon.in		Expedited	Catche Must-Quit-O Insta Ayurvedic Mosquito Repellent 45ml Refill (Pack of 4) | AYUSH Approved & Transfluthrin-Free | Non-Toxic Protection Against Den	Catche must-quit-o-insta- FBA	B077ZT3C14		Shipped	1	INR	260.0								MUMBAI	MAHARASHTRA	400076	IN		false				false	67469078643802	false
404-3180959-0092309		2026-09-08T12:51:12+00:00	2026-09-14T04:44:28+00:00	Shipped - Delivered to Buyer	Merchant	Amazon.in	WebsiteOrderChannel	Standard	Catche Herbal Mosquito Repellent Agarbatti - 240 Sticks (Pack of 2) | 100% Ayurvedic | DEET-Free | Safe for Kids & Pregnant Women | Low Smoke | Natural Fragrance | Indoor & Outdoor Use	MT_INCENSE_STICKS	B0D7MXTFB1	1	Shipped	1	INR	235.0	35.85							MYSURU	KARNATAKA	570023	IN		false			Easy Ship	false	67467228390602	false
407-2336054-7965157	407-2336054-7965157	2026-09-08T11:05:44+00:00	2026-09-08T16:19:26+00:00	Shipped	Amazon	Amazon.in		Expedited	Catche Must-Quit-O Insta Ayurvedic Mosquito Repellent 45ml Refill (Pack of 4) | AYUSH Approved & Transfluthrin-Free | Non-Toxic Protection Against Den	Catche must-quit-o-insta- FBA	B077ZT3C14		Shipped	1	INR	260.0		40.0					40.0	JAMSHEDPUR	JHARKHAND	832110	IN		false				false	67466958558002	false
403-1351013-5861966		2026-09-08T06:25:53+00:00	2026-09-13T05:14:57+00:00	Shipped - Delivered to Buyer	Merchant	Amazon.in	WebsiteOrderChannel	Standard	Catche Herbal Mosquito Repellent Agarbatti - 240 Sticks (Pack of 2) | 100% Ayurvedic | DEET-Free | Safe for Kids & Pregnant Women | Low Smoke | Natural Fragrance | Indoor & Outdoor Use	8908006802319	B0D7MXTFB1	1	Shipped	1	INR	235.0	11.19							Raichur	KARNATAKA	584101	IN		false			Easy Ship	false	67461269096522	false
408-1936680-4677926		2026-09-08T06:10:45+00:00	2026-09-11T05:36:59+00:00	Shipped - Delivered to Buyer	Merchant	Amazon.in	WebsiteOrderChannel	Standard	Catche Herbal Mosquito Repellent Agarbatti - 240 Sticks (Pack of 2) | 100% Ayurvedic | DEET-Free | Safe for Kids & Pregnant Women | Low Smoke | Natural Fragrance | Indoor & Outdoor Use	8908006802319	B0D7MXTFB1	1	Shipped	1	INR	235.0	11.19							Bengaluru	KARNATAKA	560029	IN		false			Easy Ship	false	67460214802522	false
406-5822773-0647557		2026-09-08T01:51:35+00:00	2026-09-08T05:53:08+00:00	Cancelled	Merchant	Amazon.in	WebsiteOrderChannel	Standard	Catche Ayurvedic Mosquito Repellent Lotion - 60ml (Pack of 3) | Herbal & DEET-Free | 8-Hour Protection | Safe for Kids, Adults & Pregnant Women | Non-Sticky & Skin-Friendly	CATCHE_LOTION_60ML	B08NJGSBWM	3		0										UDAIPUr	RAJASTHAN	313003	IN		false			Easy Ship	false	67459167723442	false
402-6866490-5411503	402-6866490-5411503	2026-09-08T01:03:52+00:00	2026-09-08T07:15:01+00:00	Shipped	Amazon	Amazon.in		Expedited	Catche Herbal Mosquito Repellent Refill Combo | 6 Refills + 1 Machine | Safe for Babies, Pregnancy-Safe | Fits All Devices | No Transfluthrin | 270ml	Pack of 6+device-FBA	B09R3SJPB5		Shipped	1	INR	360.0								Kolkata	West Bengal	700019	IN		true				false	67454399947082	false
402-9304717-6365107	402-9304717-6365107	2026-09-07T23:05:18+00:00	2026-09-11T08:29:37+00:00	Shipped	Amazon	Amazon.in		Expedited	Catche Herbal Mosquito Repellent Refill Combo | 6 Refills + 1 Machine | Safe for Babies, Pregnancy-Safe | Fits All Devices | No Transfluthrin | 270ml	Pack of 6+device-FBA	B09R3SJPB5		Shipped	1	INR	360.0		9.5					9.5	Pune	MAHARASHTRA	412207	IN		false				false	67440032930362	false
403-0911481-4257955	403-0911481-4257955	2026-09-07T19:34:04+00:00	2026-09-08T03:44:11+00:00	Shipped	Amazon	Amazon.in		Expedited	Catche Herbal Mosquito Repellent Refill Combo | 6 Refills + 1 Machine | Safe for Babies, Pregnancy-Safe | Fits All Devices | No Transfluthrin | 270ml	Pack of 6+device-FBA	B09R3SJPB5		Shipped	1	INR	360.0								BHUBANESWAR	ODISHA	751014	IN		false				false	67433862162682	false
406-0574765-9892346	406-0574765-9892346	2026-09-07T17:05:18+00:00	2026-09-11T21:12:43+00:00	Shipped	Amazon	Amazon.in		Expedited	Catche Herbal Mosquito Repellent Refill Combo | 6 Refills + 1 Machine | Safe for Babies, Pregnancy-Safe | Fits All Devices | No Transfluthrin | 270ml	Pack of 6+device-FBA	B09R3SJPB5		Shipped	1	INR	360.0								NEW DELHI	DELHI	110017	IN		false				false	67432395399002	false
405-8885295-3048361	405-8885295-3048361	2026-09-07T16:39:42+00:00	2026-09-07T23:03:05+00:00	Shipped	Amazon	Amazon.in		Expedited	Catche Must-Quit-O Insta Ayurvedic Mosquito Repellent 45ml Refill (Pack of 4) | AYUSH Approved & Transfluthrin-Free | Non-Toxic Protection Against Den	Catche must-quit-o-insta- FBA	B077ZT3C14		Shipped	1	INR	260.0		40.0					40.0	ROHTAS	BIHAR	821303	IN		false				false	67432136240362	false
404-8744847-4058753	404-8744847-4058753	2026-09-07T15:12:01+00:00	2026-09-07T21:29:59+00:00	Shipped	Amazon	Amazon.in		Expedited	Catche Must-Quit-O Insta Ayurvedic Mosquito Repellent 45ml Refill (Pack of 4) | AYUSH Approved & Transfluthrin-Free | Non-Toxic Protection Against Den	Catche must-quit-o-insta- FBA	B077ZT3C14		Shipped	3	INR	780.0						117.0		Mumbai	MAHARASHTRA	400080	IN	BXGY-A3HOA2HYMHXFT1-BUY_2_GET_10_PERCENT-A21TJRUUN4KGV-06/04/2026	false				false	67427727862242	false
404-7019680-4147505	404-7019680-4147505	2026-09-07T14:02:16+00:00	2026-09-08T07:12:10+00:00	Shipped	Amazon	Amazon.in		Expedited	Catche Herbal Mosquito Repellent Refill Combo | 6 Refills + 1 Machine | Safe for Babies, Pregnancy-Safe | Fits All Devices | No Transfluthrin | 270ml	Pack of 6+device-FBA	B09R3SJPB5		Shipped	2	INR	720.0		80.0					80.0	KOLKATA	WEST BENGAL	700081	IN		false				false	67427422579802	false
404-4375480-7956332	404-4375480-7956332	2026-09-07T12:30:32+00:00	2026-09-07T14:18:58+00:00	Shipped	Amazon	Amazon.in		Expedited	Catche Herbal Mosquito Repellent Refill Combo | 6 Refills + 1 Machine | Safe for Babies, Pregnancy-Safe | Fits All Devices | No Transfluthrin | 270ml	Pack of 6+device-FBA	B09R3SJPB5		Shipped	1	INR	360.0								NEW DELHI	DELHI	110073	IN		false				false	67425099683682	false
407-9047345-7281931	407-9047345-7281931	2026-09-07T04:55:37+00:00	2026-09-08T17:00:03+00:00	Shipped	Amazon	Amazon.in		Expedited	Catche Herbal Mosquito Repellent Refill Combo | 6 Refills + 1 Machine | Safe for Babies, Pregnancy-Safe | Fits All Devices | No Transfluthrin | 270ml	Pack of 6+device-FBA	B09R3SJPB5		Shipped	1	INR	360.0		40.0					40.0	SIOLIM	GOA	403517	IN		false				false	67414810313522	false
407-5960655-3105148	407-5960655-3105148	2026-09-06T20:16:41+00:00	2026-09-07T04:10:58+00:00	Shipped	Amazon	Amazon.in		Expedited	Catche Herbal Mosquito Repellent Refill Combo | 6 Refills + 1 Machine | Safe for Babies, Pregnancy-Safe | Fits All Devices | No Transfluthrin | 270ml	Pack of 6+device-FBA	B09R3SJPB5		Shipped	1	INR	360.0								Faridabad	HARYANA	121002	IN		false				false	67409781008202	false
403-8945236-0787519	403-8945236-0787519	2026-09-06T17:01:57+00:00	2026-09-06T19:10:00+00:00	Shipped	Amazon	Amazon.in		Expedited	Catche Herbal Mosquito Repellent Refill Combo | 6 Refills + 1 Machine | Safe for Babies, Pregnancy-Safe | Fits All Devices | No Transfluthrin | 270ml	Pack of 6+device-FBA	B09R3SJPB5		Shipped	1	INR	360.0								JAIPUR	RAJASTHAN	302006	IN		false				false	67405092486442	false
171-0230576-1443526	171-0230576-1443526	2026-09-06T16:53:09+00:00	2026-09-06T20:56:02+00:00	Shipped	Amazon	Amazon.in		Expedited	Catche Must-Quit-O Insta Ayurvedic Mosquito Repellent 45ml Refill (Pack of 4) | AYUSH Approved & Transfluthrin-Free | Non-Toxic Protection Against Den	Catche must-quit-o-insta- FBA	B077ZT3C14		Shipped	1	INR	260.0								CHENNAI	TAMIL NADU	600041	IN		false				false	67403900951042	false
171-3729459-3741145		2026-09-06T16:51:59+00:00	2026-09-06T16:56:07+00:00	Cancelled	Merchant	Amazon.in	WebsiteOrderChannel	SecondDay	Catche Insta Mosquito Vaporizer - Ayurvedic Mosquito Repellent | 1 Machine + 2 Refills (45ml Each)	catche insta mosquito vapouriser-FBM	B08KXSSKSV	1		0										CHENNAI	TAMIL NADU	600041	IN		false			Easy Ship	false	67404801862842	true
402-9448122-7588301	402-9448122-7588301	2026-09-06T12:32:17+00:00	2026-09-06T22:51:18+00:00	Shipped	Amazon	Amazon.in		Expedited	Catche Must-Quit-O Insta Ayurvedic Mosquito Repellent 45ml Refill (Pack of 4) | AYUSH Approved & Transfluthrin-Free | Non-Toxic Protection Against Den	Catche must-quit-o-insta- FBA	B077ZT3C14		Shipped	2	INR	520.0		80.0				52.0	80.0	Pune	MAHARASHTRA	411057	IN	BXGY-A3HOA2HYMHXFT1-BUY_2_GET_10_PERCENT-A21TJRUUN4KGV-06/04/2026	false				false	67398280331002	false
406-0794480-5029963	406-0794480-5029963	2026-09-06T12:31:34+00:00	2026-09-06T16:32:03+00:00	Shipped	Amazon	Amazon.in		Expedited	Catche Herbal Mosquito Repellent Refill Combo | 6 Refills + 1 Machine | Safe for Babies, Pregnancy-Safe | Fits All Devices | No Transfluthrin | 270ml	Pack of 6+device-FBA	B09R3SJPB5		Shipped	1	INR	360.0		19.0					19.0	PUNE	MAHARASHTRA	412207	IN		false				false	67396171320402	false
405-9533040-7869105	405-9533040-7869105	2026-09-06T04:15:49+00:00	2026-09-06T06:42:59+00:00	Shipped	Amazon	Amazon.in		Expedited	Catche Herbal Mosquito Repellent Refill Combo | 6 Refills + 1 Machine | Safe for Babies, Pregnancy-Safe | Fits All Devices | No Transfluthrin | 270ml	Pack of 6+device-FBA	B09R3SJPB5		Shipped	1	INR	360.0								BENGALURU	KARNATAKA	560100	IN		false				false	67387496545642	false
404-5935128-9196361		2026-09-05T18:53:27+00:00	2026-09-09T19:10:24+00:00	Cancelled	Merchant	Amazon.in	WebsiteOrderChannel	Standard	Catche Herbal Mosquito Repellent Agarbatti - 240 Sticks (Pack of 2) | 100% Ayurvedic | DEET-Free | Safe for Kids & Pregnant Women | Low Smoke | Natural Fragrance | Indoor & Outdoor Use	MT_INCENSE_STICKS	B0D7MXTFB1	1		0	INR	398.3	64.54					39.84		Kolkata	WEST BENGAL	700049	IN		false			Easy Ship	false	67380989765922	true
406-8785262-2937921	406-8785262-2937921	2026-09-05T17:02:10+00:00	2026-09-05T22:34:09+00:00	Shipped	Amazon	Amazon.in		Expedited	Catche Herbal Mosquito Repellent Refill Combo | 6 Refills + 1 Machine | Safe for Babies, Pregnancy-Safe | Fits All Devices | No Transfluthrin | 270ml	Pack of 6+device-FBA	B09R3SJPB5		Shipped	1	INR	360.0								KAKINADA	ANDHRA PRADESH	533005	IN		false				false	67378140928722	false
171-8329981-9994712	171-8329981-9994712	2026-09-05T16:20:19+00:00	2026-09-05T23:03:58+00:00	Shipped	Amazon	Amazon.in		Expedited	Catche Must-Quit-O Insta Ayurvedic Mosquito Repellent 45ml Refill (Pack of 4) | AYUSH Approved & Transfluthrin-Free | Non-Toxic Protection Against Den	Catche must-quit-o-insta- FBA	B077ZT3C14		Shipped	1	INR	260.0								SECUNDERABAD	TELANGANA	500061	IN		false				false	67370711085242	false
171-3022446-1149147	171-3022446-1149147	2026-09-05T14:46:51+00:00	2026-09-05T15:44:58+00:00	Shipped	Amazon	Amazon.in		Expedited	Catche must-quit-o insta Ayurvedic Mosquito Repellent Vaporizer Liquid | Eco Friendly, Non Toxic Organic Mosqutio Repellent Vaporizer Refill 45 ML (Pa	Pack of 6-FBA	B084BXXLSQ		Shipped	1	INR	360.0								CHENNAI	TAMIL NADU	600125	IN		false				false	67373433614122	false
171-6786181-1913954	171-6786181-1913954	2026-09-05T13:35:12+00:00	2026-09-07T18:53:16+00:00	Shipped	Amazon	Amazon.in		Expedited	Catche Must-Quit-O Insta Ayurvedic Mosquito Repellent 45ml Refill (Pack of 4) | AYUSH Approved & Transfluthrin-Free | Non-Toxic Protection Against Den	Catche must-quit-o-insta- FBA	B077ZT3C14		Shipped	1	INR	260.0								MUMBAI	MAHARASHTRA	400053	IN		false				false	67373017709442	false
406-5373781-8311511	406-5373781-8311511	2026-09-05T12:14:54+00:00	2026-09-05T23:04:56+00:00	Shipped	Amazon	Amazon.in		Expedited	Catche Must-Quit-O Insta Ayurvedic Mosquito Repellent 45ml Refill (Pack of 4) | AYUSH Approved & Transfluthrin-Free | Non-Toxic Protection Against Den	Catche must-quit-o-insta- FBA	B077ZT3C14		Shipped	1	INR	260.0		40.0					40.0	NASHIK	MAHARASHTRA	422011	IN		false				false	67371180530162	false
405-5777268-5111552	405-5777268-5111552	2026-09-05T08:25:04+00:00	2026-09-05T22:00:05+00:00	Shipped	Amazon	Amazon.in		Expedited	Catche Herbal Mosquito Repellent Refill Combo | 6 Refills + 1 Machine | Safe for Babies, Pregnancy-Safe | Fits All Devices | No Transfluthrin | 270ml	Pack of 6+device-FBA	B09R3SJPB5		Shipped	1	INR	360.0		40.0					40.0	MUMBAI	MAHARASHTRA	400093	IN		false				false	67365713622362	false
405-9642863-6701963	405-9642863-6701963	2026-09-05T06:30:35+00:00	2026-09-06T08:33:16+00:00	Shipped	Amazon	Amazon.in		Expedited	Catche Herbal Mosquito Repellent Refill Combo | 6 Refills + 1 Machine | Safe for Babies, Pregnancy-Safe | Fits All Devices | No Transfluthrin | 270ml	Pack of 6+device-FBA	B09R3SJPB5		Shipped	1	INR	360.0		40.0					40.0	GURUGRAM	HARYANA	122101	IN		false				false	67362075206482	false
406-6225963-0647520	406-6225963-0647520	2026-09-05T04:59:38+00:00	2026-09-05T17:04:14+00:00	Shipped	Amazon	Amazon.in		Expedited	Catche Insta Mosquito Vaporizer - Ayurvedic Mosquito Repellent | 1 Machine + 2 Refills (45ml Each)	catche insta mosquito vapouriser	B08KXSSKSV		Shipped	1	INR	210.0								LUCKNOW	UTTAR PRADESH	226014	IN		false				false	67361485742162	false
405-6383901-9311538	405-6383901-9311538	2026-09-04T18:28:34+00:00	2026-09-05T08:15:02+00:00	Shipped	Amazon	Amazon.in		Expedited	Catche Herbal Mosquito Repellent Refill Combo | 6 Refills + 1 Machine | Safe for Babies, Pregnancy-Safe | Fits All Devices | No Transfluthrin | 270ml	Pack of 6+device-FBA	B09R3SJPB5		Shipped	1	INR	360.0		40.0					40.0	KEKRI	RAJASTHAN	305404	IN		false				false	67351539715082	false
403-8869887-0560358	403-8869887-0560358	2026-09-04T18:27:13+00:00	2026-09-05T04:31:59+00:00	Shipped	Amazon	Amazon.in		Expedited	Catche Insta Mosquito Vaporizer - Ayurvedic Mosquito Repellent | 1 Machine + 2 Refills (45ml Each)	catche insta mosquito vapouriser	B08KXSSKSV		Shipped	1	INR	210.0								BENGALURU	KARNATAKA	560060	IN		false				false	67351430556762	false
405-8332529-6241166	405-8332529-6241166	2026-09-04T17:36:52+00:00	2026-09-05T03:40:03+00:00	Shipped	Amazon	Amazon.in		Expedited	Catche Herbal Mosquito Repellent Refill Combo | 6 Refills + 1 Machine | Safe for Babies, Pregnancy-Safe | Fits All Devices | No Transfluthrin | 270ml	Pack of 6+device-FBA	B09R3SJPB5		Shipped	1	INR	360.0		40.0						SONIPAT	HARYANA	131022	IN		false				false	67349883671602	false
406-1499449-8384324	406-1499449-8384324	2026-09-04T15:09:39+00:00	2026-09-06T17:44:24+00:00	Shipped	Amazon	Amazon.in		Expedited	Catche Herbal Mosquito Repellent Refill Combo | 6 Refills + 1 Machine | Safe for Babies, Pregnancy-Safe | Fits All Devices | No Transfluthrin | 270ml	Pack of 6+device-FBA	B09R3SJPB5		Shipped	1	INR	360.0								GHAZIABAD	UTTAR PRADESH	201002	IN		false				false	67344037428842	false
406-1515480-3587568	406-1515480-3587568	2026-09-04T15:03:26+00:00	2026-09-05T10:06:07+00:00	Shipped	Amazon	Amazon.in		Expedited	Catche Must-Quit-O Insta Ayurvedic Mosquito Repellent 45ml Refill (Pack of 4) | AYUSH Approved & Transfluthrin-Free | Non-Toxic Protection Against Den	Catche must-quit-o-insta- FBA	B077ZT3C14		Shipped	1	INR	260.0								THANE	MAHARASHTRA	401107	IN		false				false	67344954241762	false
403-6983829-5929940	403-6983829-5929940	2026-09-04T12:56:09+00:00	2026-09-04T22:31:22+00:00	Shipped	Amazon	Amazon.in		Expedited	Catche Herbal Mosquito Repellent Refill Combo | 6 Refills + 1 Machine | Safe for Babies, Pregnancy-Safe | Fits All Devices | No Transfluthrin | 270ml	Pack of 6+device-FBA	B09R3SJPB5		Shipped	1	INR	360.0		40.0						MANGALPADY	KERALA	671324	IN		false				false	67338304623242	false
406-8650192-7062761	406-8650192-7062761	2026-09-04T12:41:03+00:00	2026-09-04T14:28:33+00:00	Cancelled	Amazon	Amazon.in		Expedited	Catche Must-Quit-O Insta Ayurvedic Mosquito Repellent 45ml Refill (Pack of 4) | AYUSH Approved & Transfluthrin-Free | Non-Toxic Protection Against Den	Catche must-quit-o-insta- FBA	B077ZT3C14		Cancelled	0										NEW DELHI	DELHI	110017	IN		false				false	67338024446882	false
404-5979209-0936345	404-5979209-0936345	2026-09-04T10:46:55+00:00	2026-09-06T18:02:04+00:00	Shipped	Amazon	Amazon.in		Expedited	Catche Must-Quit-O Insta Ayurvedic Mosquito Repellent 45ml Refill (Pack of 4) | AYUSH Approved & Transfluthrin-Free | Non-Toxic Protection Against Den	Catche must-quit-o-insta- FBA	B077ZT3C14		Shipped	1	INR	260.0								INDORE	MADHYA PRADESH	452016	IN		false				false	67332800182522	false
407-0170211-7842766	407-0170211-7842766	2026-09-04T08:25:08+00:00	2026-09-06T07:06:09+00:00	Shipped	Amazon	Amazon.in		Expedited	Catche must-quit-o insta Ayurvedic Mosquito Repellent Vaporizer Liquid | Eco Friendly, Non Toxic Organic Mosqutio Repellent Vaporizer Refill 45 ML (Pa	Pack of 6-FBA	B084BXXLSQ		Shipped	1	INR	360.0		40.0					40.0	BENGALURU	KARNATAKA	560096	IN		false				false	67327257575162	false
407-6775769-9929139		2026-09-04T05:10:11+00:00	2026-09-08T10:49:13+00:00	Cancelled	Merchant	Amazon.in	WebsiteOrderChannel	Standard	Catche Herbal Mosquito Repellent Agarbatti - 240 Sticks (Pack of 2) | 100% Ayurvedic | DEET-Free | Safe for Kids & Pregnant Women | Low Smoke | Natural Fragrance | Indoor & Outdoor Use	8908006802319	B0D7MXTFB1	1		0	INR	223.81	11.19							Aizawl	MIZORAM	796005	IN		false			Easy Ship	false	67319887013082	true
S02-6567451-4978148	Xq944bj508	2026-09-04T04:11:24+00:00	2026-09-07T03:09:27+00:00	Shipped	Amazon	Non-Amazon		Standard	-	catche insta mosquito vapouriser	B08KXSSKSV		Unshipped	25										Chennai	Tamil Nadu	600056	IN		false				false	0	false
402-5961714-1496341	402-5961714-1496341	2026-09-04T03:40:06+00:00	2026-09-05T22:15:56+00:00	Shipped	Amazon	Amazon.in		Expedited	Catche Herbal Mosquito Repellent Refill Combo | 6 Refills + 1 Machine | Safe for Babies, Pregnancy-Safe | Fits All Devices | No Transfluthrin | 270ml	Pack of 6+device-FBA	B09R3SJPB5		Shipped	1	INR	360.0		40.0					40.0	MUMBAI	MAHARASHTRA	400001	IN		false				false	67302142692282	false
406-4411920-5714704		2026-09-03T19:10:47+00:00	2026-09-07T18:36:50+00:00	Cancelled	Merchant	Amazon.in	WebsiteOrderChannel	Standard	Catche Must-Quit-O Ayurvedic Mosquito Tra-Pe-Ll-Ent Combo (Machine + Refill), Clear White	Catche-MosquitoTrappellent-Comb0-FBM	B07GQWYRFZ	1		0	INR	351.69	63.31							HYDERABAD	TELANGANA	500084	IN		false			Easy Ship	false	67292017377602	true
171-9292000-4822729	171-9292000-4822729	2026-09-03T18:54:57+00:00	2026-09-06T07:17:29+00:00	Shipped	Amazon	Amazon.in		Expedited	Catche Herbal Mosquito Repellent Refill Combo | 6 Refills + 1 Machine | Safe for Babies, Pregnancy-Safe | Fits All Devices | No Transfluthrin | 270ml	Pack of 6+device-FBA	B09R3SJPB5		Shipped	1	INR	360.0								Nabadwip	WEST BENGAL	741316	IN		false				false	67292852990242	false
408-0408977-6444319		2026-09-03T18:06:21+00:00	2026-09-05T18:37:23+00:00	Cancelled	Merchant	Amazon.in	WebsiteOrderChannel	SecondDay	Catche Herbal Mosquito Repellent Agarbatti - 240 Sticks (Pack of 2) | 100% Ayurvedic | DEET-Free | Safe for Kids & Pregnant Women | Low Smoke | Natural Fragrance | Indoor & Outdoor Use	8908006802319	B0D7MXTFB1	1		0	INR	223.81	11.19							Bengaluru	KARNATAKA	560029	IN		false			Easy Ship	false	67291629103002	true
405-5655707-7283512	405-5655707-7283512	2026-09-03T17:44:00+00:00	2026-09-07T02:36:20+00:00	Shipped	Amazon	Amazon.in		Expedited	Catche Must-Quit-O Insta Ayurvedic Mosquito Repellent 45ml Refill (Pack of 4) | AYUSH Approved & Transfluthrin-Free | Non-Toxic Protection Against Den	Catche must-quit-o-insta- FBA	B077ZT3C14		Shipped	1	INR	260.0								MANGALURU	KARNATAKA	575003	IN		false				false	67290040686362	false
407-7496090-2233158	407-7496090-2233158	2026-09-03T16:46:15+00:00	2026-09-07T10:56:10+00:00	Shipped	Amazon	Amazon.in		Expedited	Catche Must-Quit-O Insta Ayurvedic Mosquito Repellent 45ml Refill (Pack of 4) | AYUSH Approved & Transfluthrin-Free | Non-Toxic Protection Against Den	Catche must-quit-o-insta- FBA	B077ZT3C14		Shipped	1	INR	260.0		40.0					40.0	JAMSHEDPUR	JHARKHAND	832110	IN		false				false	67288952677722	false
402-6873672-8413145		2026-09-03T16:35:51+00:00	2026-09-07T18:52:21+00:00	Cancelled	Merchant	Amazon.in	WebsiteOrderChannel	Standard	Catche Herbal Mosquito Repellent Agarbatti - 240 Sticks (Pack of 2) | 100% Ayurvedic | DEET-Free | Safe for Kids & Pregnant Women | Low Smoke | Natural Fragrance | Indoor & Outdoor Use	MT_INCENSE_STICKS	B0D7MXTFB1	1		0	INR	199.15	35.85							SAWANTWADI	MAHARASHTRA	416510	IN		false			Easy Ship	false	67289105044802	true
402-2043029-4059557	402-2043029-4059557	2026-09-03T16:34:45+00:00	2026-09-03T19:11:56+00:00	Shipped	Amazon	Amazon.in		Expedited	Catche Herbal Mosquito Repellent Refill Combo | 6 Refills + 1 Machine | Safe for Babies, Pregnancy-Safe | Fits All Devices | No Transfluthrin | 270ml	Pack of 6+device-FBA	B09R3SJPB5		Shipped	1	INR	360.0								SAWANTWADI	MAHARASHTRA	416510	IN		false				false	67289656774762	false
403-3701695-9518744	403-3701695-9518744	2026-09-03T15:32:20+00:00	2026-09-09T09:14:03+00:00	Shipped	Amazon	Amazon.in		Expedited	Catche Herbal Mosquito Repellent Agarbatti - 240 Sticks (Pack of 2) | 100% Ayurvedic | DEET-Free | Safe for Kids & Pregnant Women | Low Smoke | Natura	8908006802319-FBA	B0D7MXTFB1		Shipped	1	INR	235.0								THANE	MAHARASHTRA	401107	IN		false				false	67287881283722	false
405-8750624-4081144	405-8750624-4081144	2026-09-03T15:32:09+00:00	2026-09-07T05:03:09+00:00	Shipped	Amazon	Amazon.in		Expedited	Catche Herbal Mosquito Repellent Refill Combo | 6 Refills + 1 Machine | Safe for Babies, Pregnancy-Safe | Fits All Devices | No Transfluthrin | 270ml	Pack of 6+device-FBA	B09R3SJPB5		Shipped	1	INR	360.0		40.0					40.0	MORBI	GUJARAT	363641	IN		false				false	67288471039122	false
405-6025809-7040330	405-6025809-7040330	2026-09-03T10:28:57+00:00	2026-09-03T18:26:21+00:00	Shipped	Amazon	Amazon.in		Expedited	Catche Herbal Mosquito Repellent Agarbatti - 240 Sticks (Pack of 2) | 100% Ayurvedic | DEET-Free | Safe for Kids & Pregnant Women | Low Smoke | Natura	8908006802319-FBA	B0D7MXTFB1		Shipped	1	INR	235.0								Hoskote	KARNATAKA	562114	IN		false				false	67279580703362	false
406-0838542-3950731	406-0838542-3950731	2026-09-03T09:34:52+00:00	2026-09-03T11:34:58+00:00	Shipped	Amazon	Amazon.in		Expedited	Catche Must-Quit-O Insta Ayurvedic Mosquito Repellent 45ml Refill (Pack of 4) | AYUSH Approved & Transfluthrin-Free | Non-Toxic Protection Against Den	Catche must-quit-o-insta- FBA	B077ZT3C14		Shipped	1	INR	260.0								udaipur	RAJASTHAN	313002	IN		false				false	67277506904762	false
403-2238511-0102702	403-2238511-0102702	2026-09-03T09:07:45+00:00	2026-09-06T13:16:56+00:00	Shipped	Amazon	Amazon.in		Expedited	Catche Herbal Mosquito Repellent Agarbatti - 240 Sticks (Pack of 2) | 100% Ayurvedic | DEET-Free | Safe for Kids & Pregnant Women | Low Smoke | Natura	8908006802319-FBA	B0D7MXTFB1		Shipped	2	INR	470.0						47.0		MYSURU	KARNATAKA	570023	IN	BXGY-A3HOA2HYMHXFT1-BUY_2_GET_10_PERCENT-A21TJRUUN4KGV-06/04/2026	false				false	67278288308762	false
402-1325920-4997958	402-1325920-4997958	2026-09-02T22:53:54+00:00	2026-09-03T06:50:00+00:00	Shipped	Amazon	Amazon.in		Expedited	Catche Insta Mosquito Vaporizer - Ayurvedic Mosquito Repellent | 1 Machine + 2 Refills (45ml Each)	catche insta mosquito vapouriser	B08KXSSKSV		Shipped	1	INR	210.0								GURUGRAM	HARYANA	122505	IN		false				false	67266225891362	false
171-3764026-5047533		2026-09-02T17:35:13+00:00	2026-09-04T10:39:27+00:00	Shipped - Delivered to Buyer	Merchant	Amazon.in	WebsiteOrderChannel	SecondDay	Catche Ayurvedic Mosquito Trap Refill (35ml, Pack of 4) | Herbal & Insecticide-Free | Safe for Babies & Pregnant Women | Air-Purifying Mosquito Killer for Indoor Use	Catch-e Mosquito Trapper Liquid (35 ml,	B01CVDD26C	4	Shipped	1	INR	260.0	12.38							CHENNAI	TAMIL NADU	600042	IN		false			Easy Ship	false	67261162462362	true
402-3902991-8062728		2026-09-02T17:16:52+00:00	2026-09-05T08:44:29+00:00	Shipped - Delivered to Buyer	Merchant	Amazon.in	WebsiteOrderChannel	Standard	Catche Must-Quit-O Insta Ayurvedic Mosquito Repellent 45ml Refill (Pack of 4) | AYUSH Approved & Transfluthrin-Free | Non-Toxic Protection Against Dengue & Malaria | Safe for Kids & Pregnant Women	Catche must-quit-o insta	B077ZT3C14	4	Shipped	1	INR	260.0	12.38							SALEM	TAMIL NADU	636010	IN		false			Easy Ship	false	67259714254162	true
404-2782425-8595532	404-2782425-8595532	2026-09-02T16:37:16+00:00	2026-09-03T04:12:49+00:00	Shipped	Amazon	Amazon.in		Expedited	Catche Must-Quit-O Insta Ayurvedic Mosquito Repellent 45ml Refill (Pack of 4) | AYUSH Approved & Transfluthrin-Free | Non-Toxic Protection Against Den	Catche must-quit-o-insta- FBA	B077ZT3C14		Shipped	1	INR	0.0								HYDERABAD	TELANGANA	500097	IN		false				false	67258418620442	false
407-2185534-3999506	407-2185534-3999506	2026-09-02T15:33:24+00:00	2026-09-02T15:35:08+00:00	Cancelled	Amazon	Amazon.in		Expedited	Catche Herbal Mosquito Repellent Agarbatti - 240 Sticks (Pack of 2) | 100% Ayurvedic | DEET-Free | Safe for Kids & Pregnant Women | Low Smoke | Natura	8908006802319-FBA	B0D7MXTFB1		Cancelled	0										MARAIMALAINAGAR	TAMIL NADU	603209	IN		false				false	67256999664002	false
171-1636285-0001145	171-1636285-0001145	2026-09-02T15:27:47+00:00	2026-09-03T10:38:08+00:00	Shipped	Amazon	Amazon.in		Expedited	Catche Herbal Mosquito Repellent Refill Combo | 6 Refills + 1 Machine | Safe for Babies, Pregnancy-Safe | Fits All Devices | No Transfluthrin | 270ml	Pack of 6+device-FBA	B09R3SJPB5		Shipped	1	INR	360.0		40.0					40.0	PIMPRI CHINCHWAD	MAHARASHTRA	411027	IN		false				false	67256230053682	false
405-9148856-4937927	405-9148856-4937927	2026-09-02T09:42:02+00:00	2026-09-02T11:54:00+00:00	Shipped	Amazon	Amazon.in		Expedited	Catche Must-Quit-O Insta Ayurvedic Mosquito Repellent 45ml Refill (Pack of 4) | AYUSH Approved & Transfluthrin-Free | Non-Toxic Protection Against Den	Catche must-quit-o-insta- FBA	B077ZT3C14		Shipped	1	INR	260.0								BENGALURU	KARNATAKA	560076	IN		false				false	67245934213042	false
406-4014326-0019509	406-4014326-0019509	2026-09-02T08:18:35+00:00	2026-09-02T14:32:01+00:00	Shipped	Amazon	Amazon.in		Expedited	Catche Herbal Mosquito Repellent Refill Combo | 6 Refills + 1 Machine | Safe for Babies, Pregnancy-Safe | Fits All Devices | No Transfluthrin | 270ml	Pack of 6+device-FBA	B09R3SJPB5		Shipped	1	INR	360.0		19.0					19.0	PUNE	MAHARASHTRA	411040	IN		false				false	67243081656802	false
171-2021342-5993930	171-2021342-5993930	2026-09-02T08:07:31+00:00	2026-09-08T20:32:07+00:00	Shipped	Amazon	Amazon.in		Expedited	Catche Must-Quit-O Insta Ayurvedic Mosquito Repellent 45ml Refill (Pack of 4) | AYUSH Approved & Transfluthrin-Free | Non-Toxic Protection Against Den	Catche must-quit-o-insta- FBA	B077ZT3C14		Shipped	1	INR	260.0		40.0					40.0	GANGOH	UTTAR PRADESH	247341	IN		false				false	67242940041922	false
171-8100311-7547505	171-8100311-7547505	2026-09-02T08:00:30+00:00	2026-09-02T20:34:02+00:00	Shipped	Amazon	Amazon.in		Expedited	Catche Must-Quit-O Insta Ayurvedic Mosquito Repellent 45ml Refill (Pack of 4) | AYUSH Approved & Transfluthrin-Free | Non-Toxic Protection Against Den	Catche must-quit-o-insta- FBA	B077ZT3C14		Shipped	1	INR	260.0		40.0					40.0	Sp ring road,Hanspura, naroda, AHMEDABAD	GUJARAT	382330	IN		false				false	67242735344242	false
405-2498022-5260356	405-2498022-5260356	2026-09-02T05:21:26+00:00	2026-09-02T14:04:58+00:00	Shipped	Amazon	Amazon.in		Expedited	Catche Must-Quit-O Insta Ayurvedic Mosquito Repellent 45ml Refill (Pack of 4) | AYUSH Approved & Transfluthrin-Free | Non-Toxic Protection Against Den	Catche must-quit-o-insta- FBA	B077ZT3C14		Shipped	1	INR	260.0		40.0					40.0	CHIDAMBARAM	TAMIL NADU	608001	IN		false				false	67240465027762	false
403-6465004-0962708		2026-09-01T21:15:13+00:00	2026-09-06T05:55:29+00:00	Shipped - Delivered to Buyer	Merchant	Amazon.in	WebsiteOrderChannel	Standard	Catche Herbal Mosquito Repellent Agarbatti - 240 Sticks (Pack of 2) | 100% Ayurvedic | DEET-Free | Safe for Kids & Pregnant Women | Low Smoke | Natural Fragrance | Indoor & Outdoor Use	8908006802319	B0D7MXTFB1	1	Shipped	1	INR	235.0	11.19							THANE	MAHARASHTRA	400701	IN		false			Easy Ship	false	67212832035722	false
403-7790570-5799536		2026-09-01T20:01:01+00:00	2026-09-06T15:44:44+00:00	Shipped - Delivered to Buyer	Merchant	Amazon.in	WebsiteOrderChannel	Standard	Catche Must-Quit-O® Ayurvedic Mosquito Repellent Vaporizer Combo | 3 Refills (45ml Each) + 1 Machine | Non-Toxic, DEET-Free | Safe for Babies & Pregnant Women | Fits All Machines	Repellent Insta + Refill	B0B8SJ63RD	2	Shipped	1	INR	250.0	11.9							Mira Road	MAHARASHTRA	401107	IN		false			Easy Ship	false	67211630843482	true
403-9238516-7161938	403-9238516-7161938	2026-09-01T19:36:54+00:00	2026-09-02T10:33:09+00:00	Shipped	Amazon	Amazon.in		Expedited	Catche Must-Quit-O Insta Ayurvedic Mosquito Repellent 45ml Refill (Pack of 4) | AYUSH Approved & Transfluthrin-Free | Non-Toxic Protection Against Den	Catche must-quit-o-insta- FBA	B077ZT3C14		Shipped	1	INR	260.0		19.0					19.0	MUMBAI	MAHARASHTRA	400002	IN		false				false	67210945884322	false
406-9801419-4071507	406-9801419-4071507	2026-09-01T17:40:47+00:00	2026-09-02T03:44:55+00:00	Shipped	Amazon	Amazon.in		Expedited	Catche Herbal Mosquito Repellent Agarbatti - 240 Sticks (Pack of 2) | 100% Ayurvedic | DEET-Free | Safe for Kids & Pregnant Women | Low Smoke | Natura	8908006802319-FBA	B0D7MXTFB1		Shipped	1	INR	235.0		40.0					40.0	GUNTAKAL	ANDHRA PRADESH	515801	IN		false				false	67208732068322	false
404-2921553-6543553	404-2921553-6543553	2026-09-01T14:29:21+00:00	2026-09-03T07:43:57+00:00	Shipped	Amazon	Amazon.in		Expedited	Catche Must-Quit-O Insta Ayurvedic Mosquito Repellent 45ml Refill (Pack of 4) | AYUSH Approved & Transfluthrin-Free | Non-Toxic Protection Against Den	Catche must-quit-o-insta- FBA	B077ZT3C14		Shipped	1	INR	260.0		40.0					40.0	MUMBAI	MAHARASHTRA	400091	IN		false				false	67202091415042	false
402-4248269-0585915	402-4248269-0585915	2026-09-01T14:00:18+00:00	2026-09-01T23:14:55+00:00	Shipped	Amazon	Amazon.in		Expedited	Catche Herbal Mosquito Repellent Agarbatti - 240 Sticks (Pack of 2) | 100% Ayurvedic | DEET-Free | Safe for Kids & Pregnant Women | Low Smoke | Natura	8908006802319-FBA	B0D7MXTFB1		Shipped	2	INR	470.0						47.0		PUNE	MAHARASHTRA	411060	IN	BXGY-A3HOA2HYMHXFT1-BUY_2_GET_10_PERCENT-A21TJRUUN4KGV-06/04/2026,BXGY-A3HOA2HYMHXFT1-BUY_2_GET_10_PERCENT-A21TJRUUN4KGV-06/03/2026	false				false	67200994053922	false
405-7221215-2345105	405-7221215-2345105	2026-09-01T13:29:11+00:00	2026-09-01T19:38:59+00:00	Shipped	Amazon	Amazon.in		Expedited	Catche Herbal Mosquito Repellent Agarbatti - 240 Sticks (Pack of 2) | 100% Ayurvedic | DEET-Free | Safe for Kids & Pregnant Women | Low Smoke | Natura	8908006802319-FBA	B0D7MXTFB1		Shipped	1	INR	235.0								KOTTAYAM	KERALA	686004	IN		false				false	67199489592482	false
403-3535605-8209961	403-3535605-8209961	2026-09-01T13:20:37+00:00	2026-09-02T08:47:02+00:00	Shipped	Amazon	Amazon.in		Expedited	Catche Must-Quit-O Insta Ayurvedic Mosquito Repellent 45ml Refill (Pack of 4) | AYUSH Approved & Transfluthrin-Free | Non-Toxic Protection Against Den	Catche must-quit-o-insta- FBA	B077ZT3C14		Shipped	1	INR	260.0								MUMBAI	MAHARASHTRA	400063	IN		true				false	67198857782482	false
403-3586712-5568311	403-3586712-5568311	2026-09-01T12:27:03+00:00	2026-09-01T18:19:06+00:00	Shipped	Amazon	Amazon.in		Expedited	Catche Must-Quit-O Insta Ayurvedic Mosquito Repellent 45ml Refill (Pack of 4) | AYUSH Approved & Transfluthrin-Free | Non-Toxic Protection Against Den	Catche must-quit-o-insta- FBA	B077ZT3C14		Shipped	1	INR	260.0								PUNE	MAHARASHTRA	411014	IN		false				false	67198244702802	false
171-0981395-4059526	171-0981395-4059526	2026-09-01T07:17:28+00:00	2026-09-01T21:08:08+00:00	Shipped	Amazon	Amazon.in		Expedited	Catche Herbal Mosquito Repellent Refill Combo | 6 Refills + 1 Machine | Safe for Babies, Pregnancy-Safe | Fits All Devices | No Transfluthrin | 270ml	Pack of 6+device-FBA	B09R3SJPB5		Shipped	1	INR	360.0								KANPUR	UTTAR PRADESH	208016	IN		false				false	67185275789202	false
403-8295697-8655539	403-8295697-8655539	2026-09-01T04:56:42+00:00	2026-09-01T06:40:59+00:00	Shipped	Amazon	Amazon.in		Expedited	Catche Herbal Mosquito Repellent Refill Combo | 6 Refills + 1 Machine | Safe for Babies, Pregnancy-Safe | Fits All Devices | No Transfluthrin | 270ml	Pack of 6+device-FBA	B09R3SJPB5		Shipped	1	INR	360.0		19.0					19.0	BENGALURU	KARNATAKA	560066	IN		false				false	67181084105522	false
406-2717554-1930729	406-2717554-1930729	2026-09-01T04:11:26+00:00	2026-09-02T22:43:34+00:00	Shipped	Amazon	Amazon.in		Expedited	Catche Herbal Mosquito Repellent Agarbatti - 240 Sticks (Pack of 2) | 100% Ayurvedic | DEET-Free | Safe for Kids & Pregnant Women | Low Smoke | Natura	8908006802319-FBA	B0D7MXTFB1		Shipped	1	INR	235.0								BHOPAL	MADHYA PRADESH	462010	IN		false				false	67179847850282	false
405-0570959-3684367	405-0570959-3684367	2026-09-01T03:41:20+00:00	2026-09-01T10:05:02+00:00	Shipped	Amazon	Amazon.in		Expedited	Catche Insta Mosquito Vaporizer - Ayurvedic Mosquito Repellent | 1 Machine + 2 Refills (45ml Each)	catche insta mosquito vapouriser	B08KXSSKSV		Shipped	2	INR	420.0		12.67				42.0	12.67	Thane	MAHARASHTRA	400604	IN	BXGY-A3HOA2HYMHXFT1-BUY_2_GET_10_PERCENT-A21TJRUUN4KGV-06/03/2026,BXGY-A3HOA2HYMHXFT1-BUY_2_GET_10_PERCENT-A21TJRUUN4KGV-06/04/2026	false				false	67179133862442	false
404-5758439-7721121	404-5758439-7721121	2026-08-31T16:17:49+00:00	2026-08-31T18:48:12+00:00	Shipped	Amazon	Amazon.in		Expedited	Catche Herbal Mosquito Repellent Agarbatti - 240 Sticks (Pack of 2) | 100% Ayurvedic | DEET-Free | Safe for Kids & Pregnant Women | Low Smoke | Natura	8908006802319-FBA	B0D7MXTFB1		Shipped	1	INR	235.0		9.5					9.5	BENGALURU	KARNATAKA	560100	IN		false				false	67148494932682	false
407-7494833-1061141		2026-08-31T16:06:13+00:00	2026-09-02T10:20:59+00:00	Shipped - Delivered to Buyer	Merchant	Amazon.in	WebsiteOrderChannel	SecondDay	Catche Ayurvedic Mosquito Trap Refill (35ml, Pack of 4) | Herbal & Insecticide-Free | Safe for Babies & Pregnant Women | Air-Purifying Mosquito Killer for Indoor Use	Catch-e Mosquito Trapper Liquid 35ml-FBA	B01CVDD26C	4	Shipped	1	INR	260.0	39.66							CHENNAI	TAMIL NADU	600061	IN		false			Easy Ship	false	67149383732482	true
171-1262152-1492302	171-1262152-1492302	2026-08-31T15:54:43+00:00	2026-09-01T04:03:09+00:00	Shipped	Amazon	Amazon.in		Expedited	Catche Herbal Mosquito Repellent Refill Combo | 6 Refills + 1 Machine | Safe for Babies, Pregnancy-Safe | Fits All Devices | No Transfluthrin | 270ml	Pack of 6+device-FBA	B09R3SJPB5		Shipped	1	INR	360.0		40.0					40.0	GHADULI	GUJARAT	370627	IN		false				false	67148348165122	false
404-9736080-0917968	404-9736080-0917968	2026-08-31T15:16:48+00:00	2026-09-01T04:28:55+00:00	Shipped	Amazon	Amazon.in		Expedited	Catche Herbal Mosquito Repellent Refill Combo | 6 Refills + 1 Machine | Safe for Babies, Pregnancy-Safe | Fits All Devices | No Transfluthrin | 270ml	Pack of 6+device-FBA	B09R3SJPB5		Shipped	1	INR	360.0		40.0					40.0	CUTTACK	ODISHA	753011	IN		false				false	67147166565362	false
408-9340676-1117944	408-9340676-1117944	2026-08-31T15:13:36+00:00	2026-08-31T21:28:59+00:00	Shipped	Amazon	Amazon.in		Expedited	Catche Herbal Mosquito Repellent Refill Combo | 6 Refills + 1 Machine | Safe for Babies, Pregnancy-Safe | Fits All Devices | No Transfluthrin | 270ml	Pack of 6+device-FBA	B09R3SJPB5		Shipped	1	INR	360.0								FATEHPUR	UTTAR PRADESH	212645	IN		true	AH20987			false	67147535905922	false
405-5418735-2212304	405-5418735-2212304	2026-08-31T13:12:33+00:00	2026-09-10T07:01:55+00:00	Shipped	Amazon	Amazon.in		Expedited	Catche Herbal Mosquito Repellent Refill Combo | 6 Refills + 1 Machine | Safe for Babies, Pregnancy-Safe | Fits All Devices | No Transfluthrin | 270ml	Pack of 6+device-FBA	B09R3SJPB5		Shipped	1	INR	360.0		40.0					40.0	ADALAJ	GUJARAT	382421	IN		false				false	67144088270402	false
404-9300017-3238746	404-9300017-3238746	2026-08-31T11:40:51+00:00	2026-08-31T18:35:05+00:00	Shipped	Amazon	Amazon.in		Expedited	Catche Herbal Mosquito Repellent Refill Combo | 6 Refills + 1 Machine | Safe for Babies, Pregnancy-Safe | Fits All Devices | No Transfluthrin | 270ml	Pack of 6+device-FBA	B09R3SJPB5		Shipped	1	INR	360.0		40.0					40.0	Chennai	TAMIL NADU	600088	IN		false				false	67141650241522	false
404-4250370-6256328	404-4250370-6256328	2026-08-31T11:39:20+00:00	2026-08-31T15:39:38+00:00	Cancelled	Amazon	Amazon.in		Expedited	Catche Herbal Mosquito Repellent Refill Combo | 6 Refills + 1 Machine | Safe for Babies, Pregnancy-Safe | Fits All Devices | No Transfluthrin | 270ml	Pack of 6+device-FBA	B09R3SJPB5		Cancelled	0										Chennai	TAMIL NADU	600088	IN		false				false	67141315507962	false
S02-8152038-5516943	REMOVE3108	2026-08-31T10:58:57+00:00	2026-09-14T20:35:54+00:00	Shipped	Amazon	Non-Amazon		Standard	-	Pack of 6+device-FBA	B09R3SJPB5		Unshipped	1										Chennai	TN	600056	IN		false				false	0	false
405-9215422-5685153		2026-08-31T08:11:28+00:00	2026-09-04T17:52:46+00:00	Shipped - Returning to Seller	Merchant	Amazon.in	WebsiteOrderChannel	Standard	Catche must-quit-o Mosquito Coil (14 Pieces)	CATCHE_MQ_COIL	B0HH8TFS1X	14	Shipped	1	INR	40.0	6.1							Varanasi	UTTAR PRADESH	221005	IN		false			Easy Ship	false	67136144012882	true
406-8903292-8386733	406-8903292-8386733	2026-08-31T06:02:36+00:00	2026-08-31T12:37:00+00:00	Shipped	Amazon	Amazon.in		Expedited	Catche Must-Quit-O Insta Ayurvedic Mosquito Repellent 45ml Refill (Pack of 4) | AYUSH Approved & Transfluthrin-Free | Non-Toxic Protection Against Den	Catche must-quit-o-insta- FBA	B077ZT3C14		Shipped	1	INR	260.0								Mumbai	MAHARASHTRA	400071	IN		false				false	67134723911562	false
403-0405555-1075550		2026-08-31T03:57:29+00:00	2026-09-04T14:29:36+00:00	Shipped - Delivered to Buyer	Merchant	Amazon.in	WebsiteOrderChannel	Standard	Catche Must-Quit-O Ayurvedic Mosquito Tra-Pe-Ll-Ent Combo (Machine + Refill), Clear White	Catche-MosquitoTrappellent-Comb0-FBM	B07GQWYRFZ	1	Shipped	1	INR	415.0	60.14					17.58		Mumbai	MAHARASHTRA	400059	IN	PLM-e773e812-6e49-4dd4-843f-756959601eab	false			Easy Ship	false	67132599590922	true
171-8666441-8806751	171-8666441-8806751	2026-08-31T01:52:41+00:00	2026-08-31T05:48:06+00:00	Shipped	Amazon	Amazon.in		Expedited	Catche Must-Quit-O Insta Ayurvedic Mosquito Repellent 45ml Refill (Pack of 4) | AYUSH Approved & Transfluthrin-Free | Non-Toxic Protection Against Den	Catche must-quit-o-insta- FBA	B077ZT3C14		Shipped	1	INR	260.0						13.0		HYDERABAD	TELANGANA	500015	IN	PLM-e773e812-6e49-4dd4-843f-756959601eab	false				false	67129397137002	false
408-2697352-2437125	408-2697352-2437125	2026-08-30T16:46:56+00:00	2026-08-30T18:40:04+00:00	Shipped	Amazon	Amazon.in		Expedited	Catche Herbal Mosquito Repellent Agarbatti - 240 Sticks (Pack of 2) | 100% Ayurvedic | DEET-Free | Safe for Kids & Pregnant Women | Low Smoke | Natura	8908006802319-FBA	B0D7MXTFB1		Shipped	1	INR	235.0								BENGALURU	KARNATAKA	560066	IN		false				false	67120179575042	false
407-6786554-3808365	407-6786554-3808365	2026-08-30T16:00:36+00:00	2026-08-30T22:44:05+00:00	Shipped	Amazon	Amazon.in		Expedited	Catche Herbal Mosquito Repellent Refill Combo | 6 Refills + 1 Machine | Safe for Babies, Pregnancy-Safe | Fits All Devices | No Transfluthrin | 270ml	Pack of 6+device-FBA	B09R3SJPB5		Shipped	1	INR	360.0						18.0		Bahadurgarh	HARYANA	124507	IN	PLM-e773e812-6e49-4dd4-843f-756959601eab	false				false	67117746778362	false
403-6274213-5431506		2026-08-30T15:48:45+00:00	2026-09-02T07:30:44+00:00	Shipped - Delivered to Buyer	Merchant	Amazon.in	WebsiteOrderChannel	SecondDay	Catche Must-Quit-O Ayurvedic Mosquito Tra-Pe-Ll-Ent Combo (Machine + Refill), Clear White	Catche-MosquitoTrappellent-Comb0-FBM	B07GQWYRFZ	1	Shipped	1	INR	415.0	60.14					17.59		TIRUCHIRAPPALLI	TAMIL NADU	620023	IN	PLM-e773e812-6e49-4dd4-843f-756959601eab	false			Easy Ship	false	67116775065602	true
408-6420814-0016338		2026-08-30T15:28:10+00:00	2026-09-02T09:11:35+00:00	Shipped - Delivered to Buyer	Merchant	Amazon.in	WebsiteOrderChannel	Standard	Catche Must-Quit-O Insta Ayurvedic Mosquito Repellent 45ml Refill (Pack of 4) | AYUSH Approved & Transfluthrin-Free | Non-Toxic Protection Against Dengue & Malaria | Safe for Kids & Pregnant Women	Catche must-quit-o insta	B077ZT3C14	4	Shipped	1	INR	260.0	11.76					12.38		Kancheepuram District	TAMIL NADU	603108	IN	PLM-e773e812-6e49-4dd4-843f-756959601eab	false			Easy Ship	false	67117467760922	true
405-1416564-3747562	405-1416564-3747562	2026-08-30T14:46:55+00:00	2026-08-31T03:45:02+00:00	Shipped	Amazon	Amazon.in		Expedited	Catche Herbal Mosquito Repellent Refill Combo | 6 Refills + 1 Machine | Safe for Babies, Pregnancy-Safe | Fits All Devices | No Transfluthrin | 270ml	Pack of 6+device-FBA	B09R3SJPB5		Shipped	1	INR	360.0								MANCHERIAL	TELANGANA	504208	IN		false				false	67116573586762	false
408-8173540-6821115	408-8173540-6821115	2026-08-30T13:04:26+00:00	2026-09-02T08:22:37+00:00	Shipped	Amazon	Amazon.in		Expedited	Catche Herbal Mosquito Repellent Refill Combo | 6 Refills + 1 Machine | Safe for Babies, Pregnancy-Safe | Fits All Devices | No Transfluthrin | 270ml	Pack of 6+device-FBA	B09R3SJPB5		Shipped	1	INR	360.0		40.0					40.0	BONGAIGAON	ASSAM	783380	IN		false				false	67113575870562	false
407-4618681-1151559	407-4618681-1151559	2026-08-30T12:52:19+00:00	2026-08-31T07:31:04+00:00	Shipped	Amazon	Amazon.in		Expedited	Catche Herbal Mosquito Repellent Refill Combo | 6 Refills + 1 Machine | Safe for Babies, Pregnancy-Safe | Fits All Devices | No Transfluthrin | 270ml	Pack of 6+device-FBA	B09R3SJPB5		Shipped	1	INR	360.0		40.0				18.0		MUMBAI	MAHARASHTRA	400070	IN	PLM-e773e812-6e49-4dd4-843f-756959601eab	false				false	67111225074122	false
407-2955514-4938758	407-2955514-4938758	2026-08-30T10:55:52+00:00	2026-08-30T17:28:59+00:00	Shipped	Amazon	Amazon.in		Expedited	Catche Must-Quit-O Insta Ayurvedic Mosquito Repellent 45ml Refill (Pack of 4) | AYUSH Approved & Transfluthrin-Free | Non-Toxic Protection Against Den	Catche must-quit-o-insta- FBA	B077ZT3C14		Shipped	1	INR	260.0						13.0		RISHIKESH	UTTARAKHAND	249201	IN	PLM-e773e812-6e49-4dd4-843f-756959601eab	false				false	67110324362922	false
407-0061467-5591544	407-0061467-5591544	2026-08-30T10:53:22+00:00	2026-08-30T16:49:06+00:00	Shipped	Amazon	Amazon.in		Expedited	Catche Must-Quit-O Insta Ayurvedic Mosquito Repellent 45ml Refill (Pack of 4) | AYUSH Approved & Transfluthrin-Free | Non-Toxic Protection Against Den	Catche must-quit-o-insta- FBA	B077ZT3C14		Shipped	3	INR	780.0						117.0		KOLKATA	WEST BENGAL	700102	IN	BXGY-A3HOA2HYMHXFT1-BUY_2_GET_10_PERCENT-A21TJRUUN4KGV-05/05/2026,BXGY-A3HOA2HYMHXFT1-BUY_2_GET_10_PERCENT-A21TJRUUN4KGV-06/04/2026,PLM-e773e812-6e49-4dd4-843f-756959601eab,BXGY-A3HOA2HYMHXFT1-BUY_2_GET_10_PERCENT-A21TJRUUN4KGV-06/03/2026	false				false	67107629935322	false
405-2555212-4741907	405-2555212-4741907	2026-08-30T09:56:01+00:00	2026-08-30T14:46:01+00:00	Shipped	Amazon	Amazon.in		Expedited	Catche Herbal Mosquito Repellent Refill Combo | 6 Refills + 1 Machine | Safe for Babies, Pregnancy-Safe | Fits All Devices | No Transfluthrin | 270ml	Pack of 6+device-FBA	B09R3SJPB5		Shipped	1	INR	360.0		40.0				18.0	40.0	Hyderabad	TELANGANA	500086	IN	PLM-e773e812-6e49-4dd4-843f-756959601eab	false				false	67108324757322	false
404-0432836-2163552		2026-08-29T19:34:52+00:00	2026-09-03T09:46:15+00:00	Shipped - Delivered to Buyer	Merchant	Amazon.in	WebsiteOrderChannel	Standard	Catche Insta Mosquito Vaporizer - Ayurvedic Mosquito Repellent | 1 Machine + 2 Refills (45ml Each)	catche insta mosquito vapouriser-FBM	B08KXSSKSV	1	Shipped	1	INR	210.0	30.43					8.9		KORATTY	KERALA	680309	IN	PLM-e773e812-6e49-4dd4-843f-756959601eab	false			Easy Ship	false	67093351793242	false
404-6822690-5376333	404-6822690-5376333	2026-08-29T19:32:08+00:00	2026-08-30T09:38:01+00:00	Shipped	Amazon	Amazon.in		Expedited	Catche Herbal Mosquito Repellent Refill Combo | 6 Refills + 1 Machine | Safe for Babies, Pregnancy-Safe | Fits All Devices | No Transfluthrin | 270ml	Pack of 6+device-FBA	B09R3SJPB5		Shipped	1	INR	360.0						18.0		EAST DELHI	DELHI	110093	IN	PLM-e773e812-6e49-4dd4-843f-756959601eab	false				false	67094594463762	false
171-1205435-2095525	171-1205435-2095525	2026-08-29T18:41:09+00:00	2026-08-30T04:18:01+00:00	Shipped	Amazon	Amazon.in		Expedited	Catche Must-Quit-O Insta Ayurvedic Mosquito Repellent 45ml Refill (Pack of 4) | AYUSH Approved & Transfluthrin-Free | Non-Toxic Protection Against Den	Catche must-quit-o-insta- FBA	B077ZT3C14		Shipped	1	INR	260.0		9.5				13.0	9.5	New Delhi	DELHI	110017	IN	PLM-e773e812-6e49-4dd4-843f-756959601eab	false				false	67094413784402	false
406-8729386-2105969	406-8729386-2105969	2026-08-29T14:40:28+00:00	2026-08-29T14:40:45+00:00	Cancelled	Amazon	Amazon.in		Expedited	Catche Herbal Mosquito Repellent Refill Combo | 6 Refills + 1 Machine | Safe for Babies, Pregnancy-Safe | Fits All Devices | No Transfluthrin | 270ml	Pack of 6+device-FBA	B09R3SJPB5		Cancelled	0										CHAKGHAT	MADHYA PRADESH	486226	IN	PLM-e773e812-6e49-4dd4-843f-756959601eab	false				false	67085101267042	false
406-1599314-5106734	406-1599314-5106734	2026-08-29T14:32:48+00:00	2026-08-29T14:33:39+00:00	Cancelled	Amazon	Amazon.in		Expedited	Catche Herbal Mosquito Repellent Refill Combo | 6 Refills + 1 Machine | Safe for Babies, Pregnancy-Safe | Fits All Devices | No Transfluthrin | 270ml	Pack of 6+device-FBA	B09R3SJPB5		Cancelled	0										CHAKGHAT	MADHYA PRADESH	486226	IN		false				false	67085065595642	false
406-5756954-3661950		2026-08-29T13:31:50+00:00	2026-09-05T07:14:32+00:00	Shipped - Delivered to Buyer	Merchant	Amazon.in	WebsiteOrderChannel	Standard	Catche Herbal Mosquito Repellent Refill Combo | 6 Refills + 1 Machine | Safe for Babies, Pregnancy-Safe | Fits All Devices | No Transfluthrin | 270ml	Pack of 6+device	B09R3SJPB5	6	Shipped	1	INR	360.0	17.14							GURUGRAM	HARYANA	122002	IN		true			Easy Ship	false	67086721482082	true
404-8326682-7833924	404-8326682-7833924	2026-08-29T10:20:16+00:00	2026-08-29T21:52:04+00:00	Shipped	Amazon	Amazon.in		Expedited	Catche Must-Quit-O Insta Ayurvedic Mosquito Repellent 45ml Refill (Pack of 4) | AYUSH Approved & Transfluthrin-Free | Non-Toxic Protection Against Den	Catche must-quit-o-insta- FBA	B077ZT3C14		Shipped	1	INR	260.0								HYDERABAD	TELANGANA	500097	IN		false				false	67080604934002	false
403-4513038-5343510	403-4513038-5343510	2026-08-29T10:02:15+00:00	2026-08-29T11:46:56+00:00	Shipped	Amazon	Amazon.in		Expedited	Catche Herbal Mosquito Repellent Refill Combo | 6 Refills + 1 Machine | Safe for Babies, Pregnancy-Safe | Fits All Devices | No Transfluthrin | 270ml	Pack of 6+device-FBA	B09R3SJPB5		Shipped	1	INR	360.0								URAN	MAHARASHTRA	400702	IN		false				false	67079566666082	false
405-9570959-4410735	405-9570959-4410735	2026-08-29T04:05:24+00:00	2026-08-29T07:46:16+00:00	Shipped	Amazon	Amazon.in		Expedited	Catche Herbal Mosquito Repellent Refill Combo | 6 Refills + 1 Machine | Safe for Babies, Pregnancy-Safe | Fits All Devices | No Transfluthrin | 270ml	Pack of 6+device-FBA	B09R3SJPB5		Shipped	1	INR	360.0						18.0		ALAPPUZHA	KERALA	689572	IN	PLM-e773e812-6e49-4dd4-843f-756959601eab	false				false	67073363611642	false
407-2372980-2424337	407-2372980-2424337	2026-08-29T03:46:39+00:00	2026-08-29T06:36:00+00:00	Shipped	Amazon	Amazon.in		Expedited	Catche Must-Quit-O Insta Ayurvedic Mosquito Repellent 45ml Refill (Pack of 4) | AYUSH Approved & Transfluthrin-Free | Non-Toxic Protection Against Den	Catche must-quit-o-insta- FBA	B077ZT3C14		Shipped	1	INR	260.0		40.0					40.0	VIJAYNAGAR	GUJARAT	383462	IN		false				false	67072315594682	false
403-2583606-3025905	403-2583606-3025905	2026-08-29T02:43:54+00:00	2026-08-29T05:03:03+00:00	Shipped	Amazon	Amazon.in		Expedited	Catche Herbal Mosquito Repellent Agarbatti - 240 Sticks (Pack of 2) | 100% Ayurvedic | DEET-Free | Safe for Kids & Pregnant Women | Low Smoke | Natura	8908006802319-FBA	B0D7MXTFB1		Shipped	1	INR	235.0						11.75		Noida	UTTAR PRADESH	201301	IN	PLM-e773e812-6e49-4dd4-843f-756959601eab	false				false	67072112459602	false
405-2681798-3103526		2026-08-28T18:48:22+00:00	2026-09-01T13:27:06+00:00	Shipped - Delivered to Buyer	Merchant	Amazon.in	WebsiteOrderChannel	Standard	Catche Herbal Mosquito Repellent Agarbatti - 240 Sticks (Pack of 2) | 100% Ayurvedic | DEET-Free | Safe for Kids & Pregnant Women | Low Smoke | Natural Fragrance | Indoor & Outdoor Use	8908006802319	B0D7MXTFB1	1	Shipped	1	INR	235.0	11.19							hyderabad	TELANGANA	500036	IN		false			Easy Ship	false	67063758591802	true
404-8956771-5612357	404-8956771-5612357	2026-08-28T16:18:10+00:00	2026-08-30T10:08:55+00:00	Shipped	Amazon	Amazon.in		Expedited	Catche Must-Quit-O Insta Ayurvedic Mosquito Repellent 45ml Refill (Pack of 4) | AYUSH Approved & Transfluthrin-Free | Non-Toxic Protection Against Den	Catche must-quit-o-insta- FBA	B077ZT3C14		Shipped	1	INR	260.0		40.0					40.0	AURANGABAD	MAHARASHTRA	431008	IN		false				false	67060984450722	false
171-8680098-0539549	171-8680098-0539549	2026-08-28T15:32:06+00:00	2026-08-29T20:30:10+00:00	Shipped	Amazon	Amazon.in		Expedited	Catche Herbal Mosquito Repellent Refill Combo | 6 Refills + 1 Machine | Safe for Babies, Pregnancy-Safe | Fits All Devices | No Transfluthrin | 270ml	Pack of 6+device-FBA	B09R3SJPB5		Shipped	1	INR	360.0		40.0					40.0	AHMEDABAD	GUJARAT	380061	IN		false				false	67061678620522	false
405-6792681-7254726	405-6792681-7254726	2026-08-28T10:54:56+00:00	2026-09-01T07:36:22+00:00	Shipped	Amazon	Amazon.in		Expedited	Catche Herbal Mosquito Repellent Refill Combo | 6 Refills + 1 Machine | Safe for Babies, Pregnancy-Safe | Fits All Devices | No Transfluthrin | 270ml	Pack of 6+device-FBA	B09R3SJPB5		Shipped	1	INR	360.0		40.0				18.0	40.0	UKAI	GUJARAT	394680	IN	PLM-e773e812-6e49-4dd4-843f-756959601eab	false				false	67053483578802	false
408-8028500-4726736	408-8028500-4726736	2026-08-28T10:54:50+00:00	2026-08-28T12:14:05+00:00	Shipped	Amazon	Amazon.in		Expedited	Catche Herbal Mosquito Repellent Refill Combo | 6 Refills + 1 Machine | Safe for Babies, Pregnancy-Safe | Fits All Devices | No Transfluthrin | 270ml	Pack of 6+device-FBA	B09R3SJPB5		Shipped	1	INR	360.0								HYDERABAD	TELANGANA	500055	IN		false				false	67052408786962	false
404-9470293-2473138	404-9470293-2473138	2026-08-27T18:58:22+00:00	2026-08-27T20:02:03+00:00	Shipped	Amazon	Amazon.in		Expedited	Catche Must-Quit-O Insta Ayurvedic Mosquito Repellent 45ml Refill (Pack of 4) | AYUSH Approved & Transfluthrin-Free | Non-Toxic Protection Against Den	Catche must-quit-o-insta- FBA	B077ZT3C14		Shipped	1	INR	260.0		9.5					9.5	CHENNAI	TAMIL NADU	600061	IN		false				false	67036530567042	false
171-3043675-9325912	171-3043675-9325912	2026-08-27T12:26:20+00:00	2026-08-28T12:05:07+00:00	Shipped	Amazon	Amazon.in		Expedited	Catche Herbal Mosquito Repellent Agarbatti - 240 Sticks (Pack of 2) | 100% Ayurvedic | DEET-Free | Safe for Kids & Pregnant Women | Low Smoke | Natura	8908006802319-FBA	B0D7MXTFB1		Shipped	1	INR	235.0						11.75		DHANBAD	JHARKHAND	828125	IN	PLM-e773e812-6e49-4dd4-843f-756959601eab	false				false	67024234666802	false
406-6744092-3259536	406-6744092-3259536	2026-08-27T02:28:21+00:00	2026-08-27T17:51:57+00:00	Shipped	Amazon	Amazon.in		Expedited	Catche Herbal Mosquito Repellent Refill Combo | 6 Refills + 1 Machine | Safe for Babies, Pregnancy-Safe | Fits All Devices | No Transfluthrin | 270ml	Pack of 6+device-FBA	B09R3SJPB5		Shipped	1	INR	360.0								CHENNAI	TAMIL NADU	600041	IN		false				false	67010000254722	false
403-9562349-3309918		2026-08-26T20:59:09+00:00	2026-08-30T11:02:22+00:00	Shipped - Delivered to Buyer	Merchant	Amazon.in	WebsiteOrderChannel	SecondDay	Catche Must-Quit-O® Ayurvedic Mosquito Repellent Vaporizer Combo | 3 Refills (45ml Each) + 1 Machine | Non-Toxic, DEET-Free | Safe for Babies & Pregnant Women | Fits All Machines	Repellent Insta + Refill	B0B8SJ63RD	2	Shipped	1	INR	250.0	11.9							CHENNAI	TAMIL NADU	600091	IN		false			Easy Ship	false	67009184059922	true
402-8917075-8227536		2026-08-26T16:44:42+00:00	2026-08-30T11:51:35+00:00	Shipped - Delivered to Buyer	Merchant	Amazon.in	WebsiteOrderChannel	SecondDay	Catche Must-Quit-O Ayurvedic Mosquito Tra-Pe-Ll-Ent Combo (Machine + Refill), Clear White	Catche-MosquitoTrappellent-Comb0-FBM	B07GQWYRFZ	1	Shipped	1	INR	415.0	63.3							MADURAI	TAMIL NADU	625017	IN		false			Easy Ship	false	66997726360882	true
404-5644277-7666747	404-5644277-7666747	2026-08-26T13:56:10+00:00	2026-08-26T21:35:06+00:00	Shipped	Amazon	Amazon.in		Expedited	Catche Must-Quit-O Insta Ayurvedic Mosquito Repellent 45ml Refill (Pack of 4) | AYUSH Approved & Transfluthrin-Free | Non-Toxic Protection Against Den	Catche must-quit-o-insta- FBA	B077ZT3C14		Shipped	1	INR	260.0						13.0		AGRA	UTTAR PRADESH	282001	IN	PLM-e773e812-6e49-4dd4-843f-756959601eab	false				false	66991127700442	false
402-7584252-1241108	402-7584252-1241108	2026-08-26T10:34:52+00:00	2026-08-26T21:30:59+00:00	Shipped	Amazon	Amazon.in		Expedited	Catche Must-Quit-O Insta Ayurvedic Mosquito Repellent 45ml Refill (Pack of 4) | AYUSH Approved & Transfluthrin-Free | Non-Toxic Protection Against Den	Catche must-quit-o-insta- FBA	B077ZT3C14		Shipped	2	INR	520.0		80.0				52.0	80.0	JAGTIAL	TELANGANA	505327	IN	PLM-e773e812-6e49-4dd4-843f-756959601eab,BXGY-A3HOA2HYMHXFT1-BUY_2_GET_10_PERCENT-A21TJRUUN4KGV-06/04/2026,BXGY-A3HOA2HYMHXFT1-BUY_2_GET_10_PERCENT-A21TJRUUN4KGV-28/02/2026,BXGY-A3HOA2HYMHXFT1-BUY_2_GET_10_PERCENT-A21TJRUUN4KGV-06/03/2026,BXGY-A3HOA2HYMHXFT1-BUY_2_GET_10_PERCENT-A21TJRUUN4KGV-05/05/2026	false				false	66989963807722	false
407-3908193-4473934	407-3908193-4473934	2026-08-26T06:42:07+00:00	2026-08-29T22:03:49+00:00	Shipped	Amazon	Amazon.in		Expedited	Catche Must-Quit-O Insta Ayurvedic Mosquito Repellent 45ml Refill (Pack of 4) | AYUSH Approved & Transfluthrin-Free | Non-Toxic Protection Against Den	Catche must-quit-o-insta- FBA	B077ZT3C14		Shipped	1	INR	260.0								HYDERABAD	TELANGANA	500040	IN		false				false	66980497340282	false
404-4997145-5784332		2026-08-26T06:12:38+00:00	2026-08-28T07:10:52+00:00	Shipped - Delivered to Buyer	Merchant	Amazon.in	WebsiteOrderChannel	Standard	Gadiva Ayurvedic Hair Oil - 100ml | Reduces Hair Fall & Dandruff | Unisex Herbal Oil with Neem Comb	Gadiva Ayurvedic Hair Oil MFN	B07V7YCJ9S	1	Shipped	1	INR	249.0	37.98							CHENNAI	TAMIL NADU	600049	IN		false			Easy Ship	false	66981090237562	true
402-2675378-8648350		2026-08-25T20:15:03+00:00	2026-09-01T06:22:06+00:00	Shipped - Delivered to Buyer	Merchant	Amazon.in	WebsiteOrderChannel	Standard	Catche Ayurvedic Mosquito Trap Refill (35ml, Pack of 4) | Herbal & Insecticide-Free | Safe for Babies & Pregnant Women | Air-Purifying Mosquito Killer for Indoor Use	Catch-e Mosquito Trapper Liquid 35ml-FBA	B01CVDD26C	4	Shipped	1	INR	260.0	39.66							PITHAPURAM	ANDHRA PRADESH	533450	IN		false			Easy Ship	false	66933890917602	true
402-6822042-8833949	402-6822042-8833949	2026-08-25T17:14:28+00:00	2026-08-26T05:51:02+00:00	Shipped	Amazon	Amazon.in		Expedited	Catche Herbal Mosquito Repellent Agarbatti - 240 Sticks (Pack of 2) | 100% Ayurvedic | DEET-Free | Safe for Kids & Pregnant Women | Low Smoke | Natura	8908006802319-FBA	B0D7MXTFB1		Shipped	1	INR	235.0						11.75		NEW DELHI	DELHI	110070	IN	PLM-e773e812-6e49-4dd4-843f-756959601eab	false				false	66928711505962	false
407-6955352-1849927		2026-08-25T17:06:17+00:00	2026-09-01T09:07:41+00:00	Shipped - Delivered to Buyer	Merchant	Amazon.in	WebsiteOrderChannel	Standard	Catche Must-Quit-O Ayurvedic Mosquito Tra-Pe-Ll-Ent Combo (Machine + Refill), Clear White	Catche-MosquitoTrappellent-Comb0-FBM	B07GQWYRFZ	1	Shipped	1	INR	415.0	63.31							BAGHPAT	UTTAR PRADESH	250101	IN		false			Easy Ship	false	66929150935842	true
407-2350880-4474714	407-2350880-4474714	2026-08-25T13:17:06+00:00	2026-08-25T21:23:59+00:00	Shipped	Amazon	Amazon.in		Expedited	Catche Must-Quit-O Insta Ayurvedic Mosquito Repellent 45ml Refill (Pack of 4) | AYUSH Approved & Transfluthrin-Free | Non-Toxic Protection Against Den	Catche must-quit-o-insta- FBA	B077ZT3C14		Shipped	1	INR	260.0						13.0		HYDERABAD	TELANGANA	500079	IN	PLM-e773e812-6e49-4dd4-843f-756959601eab	false				false	66918342079562	false
407-3948444-5123565	407-3948444-5123565	2026-08-25T11:53:44+00:00	2026-08-25T15:14:05+00:00	Shipped	Amazon	Amazon.in		Expedited	Catche Herbal Mosquito Repellent Refill Combo | 6 Refills + 1 Machine | Safe for Babies, Pregnancy-Safe | Fits All Devices | No Transfluthrin | 270ml	Pack of 6+device-FBA	B09R3SJPB5		Shipped	1	INR	360.0								PUNE	MAHARASHTRA	411057	IN		false				false	66918873651762	false
406-2700238-4115514		2026-08-25T03:35:54+00:00	2026-08-27T12:40:24+00:00	Shipped - Delivered to Buyer	Merchant	Amazon.in	WebsiteOrderChannel	Standard	Catche Herbal Mosquito Repellent Agarbatti - 240 Sticks (Pack of 2) | 100% Ayurvedic | DEET-Free | Safe for Kids & Pregnant Women | Low Smoke | Natural Fragrance | Indoor & Outdoor Use	8908006802319	B0D7MXTFB1	1	Shipped	1	INR	235.0	11.2							SWAMIMALAI	TAMIL NADU	612302	IN		false			Easy Ship	false	66905129266162	true
171-1103871-8966723	171-1103871-8966723	2026-08-24T18:52:34+00:00	2026-08-25T23:11:59+00:00	Shipped	Amazon	Amazon.in		Expedited	Catche Must-Quit-O Insta Ayurvedic Mosquito Repellent 45ml Refill (Pack of 4) | AYUSH Approved & Transfluthrin-Free | Non-Toxic Protection Against Den	Catche must-quit-o-insta- FBA	B077ZT3C14		Shipped	1	INR	260.0		40.0					40.0	PUNE	MAHARASHTRA	411014	IN		false				false	66895913249242	false
171-5150609-8523541	171-5150609-8523541	2026-08-24T17:18:14+00:00	2026-08-24T20:23:11+00:00	Shipped	Amazon	Amazon.in		Expedited	Catche Must-Quit-O Insta Ayurvedic Mosquito Repellent 45ml Refill (Pack of 4) | AYUSH Approved & Transfluthrin-Free | Non-Toxic Protection Against Den	Catche must-quit-o-insta- FBA	B077ZT3C14		Shipped	1	INR	260.0								Chennai	TAMIL NADU	600020	IN		false				false	66892719824442	false
403-3567675-3006743	403-3567675-3006743	2026-08-24T13:15:24+00:00	2026-08-25T06:21:06+00:00	Shipped	Amazon	Amazon.in		Expedited	Catche Must-Quit-O Insta Ayurvedic Mosquito Repellent 45ml Refill (Pack of 4) | AYUSH Approved & Transfluthrin-Free | Non-Toxic Protection Against Den	Catche must-quit-o-insta- FBA	B077ZT3C14		Shipped	1	INR	260.0						26.0		JAMSHEDPUR	JHARKHAND	831006	IN	BXGY-A3HOA2HYMHXFT1-BUY_2_GET_10_PERCENT-A21TJRUUN4KGV-06/04/2026,BXGY-A3HOA2HYMHXFT1-BUY_2_GET_10_PERCENT-A21TJRUUN4KGV-06/03/2026,BXGY-A3HOA2HYMHXFT1-BUY_2_GET_10_PERCENT-A21TJRUUN4KGV-05/05/2026,BXGY-A3HOA2HYMHXFT1-BUY_2_GET_10_PERCENT-A21TJRUUN4KGV-28/02/2026	false				false	66883662595002	false
403-3567675-3006743	403-3567675-3006743	2026-08-24T13:15:24+00:00	2026-08-25T06:21:06+00:00	Shipped	Amazon	Amazon.in		Expedited	Catche Insta Mosquito Vaporizer - Ayurvedic Mosquito Repellent | 1 Machine + 2 Refills (45ml Each)	catche insta mosquito vapouriser	B08KXSSKSV		Shipped	1	INR	210.0						21.0		JAMSHEDPUR	JHARKHAND	831006	IN	BXGY-A3HOA2HYMHXFT1-BUY_2_GET_10_PERCENT-A21TJRUUN4KGV-28/02/2026,BXGY-A3HOA2HYMHXFT1-BUY_2_GET_10_PERCENT-A21TJRUUN4KGV-05/05/2026,BXGY-A3HOA2HYMHXFT1-BUY_2_GET_10_PERCENT-A21TJRUUN4KGV-06/04/2026,BXGY-A3HOA2HYMHXFT1-BUY_2_GET_10_PERCENT-A21TJRUUN4KGV-06/03/2026	false				false	66883662595042	false
407-7690851-7973103	407-7690851-7973103	2026-08-24T13:14:27+00:00	2026-08-25T06:40:06+00:00	Shipped	Amazon	Amazon.in		Expedited	Catche Herbal Mosquito Repellent Refill Combo | 6 Refills + 1 Machine | Safe for Babies, Pregnancy-Safe | Fits All Devices | No Transfluthrin | 270ml	Pack of 6+device-FBA	B09R3SJPB5		Shipped	1	INR	360.0		40.0					40.0	PADAPPAI	TAMIL NADU	601301	IN		false				false	66883658059282	false
403-0698332-8574725		2026-08-24T04:09:02+00:00	2026-08-26T10:42:10+00:00	Cancelled	Merchant	Amazon.in	WebsiteOrderChannel	SecondDay	Catche Ayurvedic Mosquito Trap Refill (35ml, Pack of 4) | Herbal & Insecticide-Free | Safe for Babies & Pregnant Women | Air-Purifying Mosquito Killer for Indoor Use	Catch-e Mosquito Trapper Liquid 35ml-FBA	B01CVDD26C	4		0	INR	220.34	39.66							CHENNAI	TAMIL NADU	600122	IN		false			Easy Ship	false	66871803143762	true
406-0813225-9834766	406-0813225-9834766	2026-08-23T16:36:01+00:00	2026-08-23T16:37:00+00:00	Cancelled	Amazon	Amazon.in		Expedited	Catche Herbal Mosquito Repellent Refill Combo | 6 Refills + 1 Machine | Safe for Babies, Pregnancy-Safe | Fits All Devices | No Transfluthrin | 270ml	Pack of 6+device-FBA	B09R3SJPB5		Cancelled	0										CHAKGHAT	MADHYA PRADESH	486226	IN	PLM-e773e812-6e49-4dd4-843f-756959601eab	false				false	66858593225602	false
171-6522457-6436304		2026-08-23T16:15:31+00:00	2026-08-26T05:32:01+00:00	Shipped - Delivered to Buyer	Merchant	Amazon.in	WebsiteOrderChannel	Standard	Gadiva Ayurvedic Hair Oil - 100ml | Reduces Hair Fall & Dandruff | Unisex Herbal Oil with Neem Comb	Gadiva Ayurvedic Hair Oil MFN	B07V7YCJ9S	1	Shipped	1	INR	249.0	37.98							PONNERI	TAMIL NADU	601204	IN		false			Easy Ship	false	66857424831762	true
402-8947607-0565151	402-8947607-0565151	2026-08-23T15:37:38+00:00	2026-08-23T22:22:10+00:00	Shipped	Amazon	Amazon.in		Expedited	Catche Insta Mosquito Vaporizer - Ayurvedic Mosquito Repellent | 1 Machine + 2 Refills (45ml Each)	catche insta mosquito vapouriser	B08KXSSKSV		Shipped	1	INR	210.0		40.0					40.0	THIRUVARUR	TAMIL NADU	610001	IN		false				false	66856006845002	false
404-0141703-4501165	404-0141703-4501165	2026-08-23T14:37:37+00:00	2026-08-23T22:32:59+00:00	Shipped	Amazon	Amazon.in		Expedited	Catche Must-Quit-O Insta Ayurvedic Mosquito Repellent 45ml Refill (Pack of 4) | AYUSH Approved & Transfluthrin-Free | Non-Toxic Protection Against Den	Catche must-quit-o-insta- FBA	B077ZT3C14		Shipped	1	INR	260.0						13.0		BENGALURU	KARNATAKA	560103	IN	PLM-e773e812-6e49-4dd4-843f-756959601eab	false				false	66855221712522	false
406-1409657-9437155	406-1409657-9437155	2026-08-23T12:51:32+00:00	2026-08-23T19:24:05+00:00	Shipped	Amazon	Amazon.in		Expedited	Catche Herbal Mosquito Repellent Refill Combo | 6 Refills + 1 Machine | Safe for Babies, Pregnancy-Safe | Fits All Devices | No Transfluthrin | 270ml	Pack of 6+device-FBA	B09R3SJPB5		Shipped	1	INR	360.0		40.0					40.0	MIRYALAGUDA	TELANGANA	508207	IN		false				false	66852992382442	false
405-5274768-7097168	405-5274768-7097168	2026-08-23T08:58:41+00:00	2026-08-25T09:14:24+00:00	Shipped	Amazon	Amazon.in		Expedited	Catche Must-Quit-O Insta Ayurvedic Mosquito Repellent 45ml Refill (Pack of 4) | AYUSH Approved & Transfluthrin-Free | Non-Toxic Protection Against Den	Catche must-quit-o-insta- FBA	B077ZT3C14		Shipped	1	INR	260.0						13.0		JODHPUR	RAJASTHAN	342012	IN	PLM-e773e812-6e49-4dd4-843f-756959601eab	false				false	66845424536562	false
402-0610179-1159543	402-0610179-1159543	2026-08-23T08:58:32+00:00	2026-08-23T22:09:02+00:00	Shipped	Amazon	Amazon.in		Expedited	Catche Herbal Mosquito Repellent Refill Combo | 6 Refills + 1 Machine | Safe for Babies, Pregnancy-Safe | Fits All Devices | No Transfluthrin | 270ml	Pack of 6+device-FBA	B09R3SJPB5		Shipped	1	INR	360.0		40.0					40.0	KOTA	RAJASTHAN	324009	IN		false				false	66845375419682	false
407-2414683-1296348	407-2414683-1296348	2026-08-23T05:34:30+00:00	2026-08-31T08:20:22+00:00	Shipped	Amazon	Amazon.in		Expedited	Catche Herbal Mosquito Repellent Agarbatti - 240 Sticks (Pack of 2) | 100% Ayurvedic | DEET-Free | Safe for Kids & Pregnant Women | Low Smoke | Natura	8908006802319-FBA	B0D7MXTFB1		Shipped	1	INR	235.0						11.75		MADHURAWADA	ANDHRA PRADESH	530041	IN	PLM-e773e812-6e49-4dd4-843f-756959601eab	false				false	66841224189762	false
403-8908109-6183515		2026-08-23T04:41:32+00:00	2026-08-31T11:41:33+00:00	Shipped - Delivered to Buyer	Merchant	Amazon.in	WebsiteOrderChannel	Standard	Catche Ayurvedic Mosquito Repellent Lotion - 60ml (Pack of 3) | Herbal & DEET-Free | 8-Hour Protection | Safe for Kids, Adults & Pregnant Women | Non-Sticky & Skin-Friendly	Catche mosquito repellent lotion	B08NJGSBWM	3	Shipped	1	INR	200.0	9.52							MARIGAON	ASSAM	782105	IN		false			Easy Ship	false	66839576579682	true
407-4368844-4341127	407-4368844-4341127	2026-08-23T04:16:58+00:00	2026-08-23T10:19:58+00:00	Shipped	Amazon	Amazon.in		Expedited	Catche Herbal Mosquito Repellent Refill Combo | 6 Refills + 1 Machine | Safe for Babies, Pregnancy-Safe | Fits All Devices | No Transfluthrin | 270ml	Pack of 6+device-FBA	B09R3SJPB5		Shipped	1	INR	360.0						18.0		KALYAN	MAHARASHTRA	421301	IN	PLM-e773e812-6e49-4dd4-843f-756959601eab	false				false	66838786338162	false
171-6234927-6561167		2026-08-23T03:56:51+00:00	2026-08-28T03:18:58+00:00	Shipped - Delivered to Buyer	Merchant	Amazon.in	WebsiteOrderChannel	Standard	Catche Herbal Mosquito Repellent Refill Combo with Machine (270ml) | 6 Liquid Refills (45ml Each) | Baby Safe, Pregnancy Safe | Natural Herbal Protection | No Transfluthrin | Fits All Devices	Pack of 6+device - New	B0GXWK4W73	1	Shipped	1	INR	360.0	54.92							Hyderabad	TELANGANA	500018	IN		false			Easy Ship	false	66838750109242	true
405-3101463-9000322		2026-08-23T02:38:44+00:00	2026-08-24T18:41:22+00:00	Cancelled	Merchant	Amazon.in	WebsiteOrderChannel	SecondDay	Catche Ayurvedic Mosquito Trap Refill (35ml, Pack of 4) | Herbal & Insecticide-Free | Safe for Babies & Pregnant Women | Air-Purifying Mosquito Killer for Indoor Use	Catch-e Mosquito Trapper Liquid 35ml-FBA	B01CVDD26C	4		0	INR	220.34	37.68					11.02		BENGALURU	KARNATAKA	560043	IN		false			Easy Ship	false	66836463166322	true
404-4359652-2257100	404-4359652-2257100	2026-08-22T22:30:39+00:00	2026-08-26T05:27:00+00:00	Shipped	Amazon	Amazon.in		Expedited	Catche Herbal Mosquito Repellent Refill Combo | 6 Refills + 1 Machine | Safe for Babies, Pregnancy-Safe | Fits All Devices | No Transfluthrin | 270ml	Pack of 6+device-FBA	B09R3SJPB5		Shipped	1	INR	360.0		40.0				18.0	40.0	MUMBAI	MAHARASHTRA	400060	IN	PLM-e773e812-6e49-4dd4-843f-756959601eab	false				false	66835416455202	false
406-0426239-4571558		2026-08-22T18:37:14+00:00	2026-08-24T19:26:31+00:00	Cancelled	Merchant	Amazon.in	WebsiteOrderChannel	SecondDay	Catche Ayurvedic Mosquito Trap Refill (35ml, Pack of 4) | Herbal & Insecticide-Free | Safe for Babies & Pregnant Women | Air-Purifying Mosquito Killer for Indoor Use	Catch-e Mosquito Trapper Liquid (35 ml,	B01CVDD26C	4		0	INR	247.62	12.38							Bengaluru	KARNATAKA	560028	IN		false			Easy Ship	false	66828384650282	true
404-4410164-3573140	404-4410164-3573140	2026-08-22T14:02:50+00:00	2026-08-24T19:20:00+00:00	Shipped	Amazon	Amazon.in		Expedited	Catche Herbal Mosquito Repellent Refill Combo | 6 Refills + 1 Machine | Safe for Babies, Pregnancy-Safe | Fits All Devices | No Transfluthrin | 270ml	Pack of 6+device-FBA	B09R3SJPB5		Shipped	1	INR	360.0						18.0		PORT BLAIR	ANDAMAN & NICOBAR ISLANDS	744101	IN	PLM-e773e812-6e49-4dd4-843f-756959601eab	false				false	66823038515162	false
404-8233343-7669935	404-8233343-7669935	2026-08-22T05:43:03+00:00	2026-08-22T06:53:02+00:00	Shipped	Amazon	Amazon.in		Expedited	Catche Herbal Mosquito Repellent Refill Combo | 6 Refills + 1 Machine | Safe for Babies, Pregnancy-Safe | Fits All Devices | No Transfluthrin | 270ml	Pack of 6+device-FBA	B09R3SJPB5		Shipped	1	INR	360.0								CHENNAI	TAMIL NADU	600118	IN		false				false	66810047287802	false
403-4668769-7261946	403-4668769-7261946	2026-08-22T01:45:25+00:00	2026-08-22T07:45:01+00:00	Shipped	Amazon	Amazon.in		Expedited	Catche Herbal Mosquito Repellent Refill Combo | 6 Refills + 1 Machine | Safe for Babies, Pregnancy-Safe | Fits All Devices | No Transfluthrin | 270ml	Pack of 6+device-FBA	B09R3SJPB5		Shipped	1	INR	360.0						18.0		IMPHAL	MANIPUR	795001	IN	PLM-e773e812-6e49-4dd4-843f-756959601eab	false				false	66805511181242	false
407-9601842-3135550	407-9601842-3135550	2026-08-21T22:33:39+00:00	2026-08-22T22:47:07+00:00	Shipped	Amazon	Amazon.in		Expedited	Catche Must-Quit-O Insta Ayurvedic Mosquito Repellent 45ml Refill (Pack of 4) | AYUSH Approved & Transfluthrin-Free | Non-Toxic Protection Against Den	Catche must-quit-o-insta- FBA	B077ZT3C14		Shipped	1	INR	260.0						13.0		RAIPUR	CHHATTISGARH	492004	IN	PLM-e773e812-6e49-4dd4-843f-756959601eab	false				false	66803071822602	false
171-5752181-3502721	171-5752181-3502721	2026-08-21T18:58:19+00:00	2026-08-21T22:46:58+00:00	Shipped	Amazon	Amazon.in		Expedited	Catche Herbal Mosquito Repellent Agarbatti - 240 Sticks (Pack of 2) | 100% Ayurvedic | DEET-Free | Safe for Kids & Pregnant Women | Low Smoke | Natura	8908006802319-FBA	B0D7MXTFB1		Shipped	1	INR	235.0						11.75		HYDERABAD	TELANGANA	500018	IN	PLM-e773e812-6e49-4dd4-843f-756959601eab	false				false	66798099335042	false
406-4765733-6096340	406-4765733-6096340	2026-08-21T13:28:18+00:00	2026-08-21T15:19:06+00:00	Shipped	Amazon	Amazon.in		Expedited	Catche Herbal Mosquito Repellent Refill Combo | 6 Refills + 1 Machine | Safe for Babies, Pregnancy-Safe | Fits All Devices | No Transfluthrin | 270ml	Pack of 6+device-FBA	B09R3SJPB5		Shipped	1	INR	360.0								PUNE	MAHARASHTRA	411037	IN		false				false	66786661527962	false
404-5573189-1519540	404-5573189-1519540	2026-08-21T09:57:13+00:00	2026-08-21T15:53:29+00:00	Shipped	Amazon	Amazon.in		Expedited	Catche Herbal Mosquito Repellent Refill Combo | 6 Refills + 1 Machine | Safe for Babies, Pregnancy-Safe | Fits All Devices | No Transfluthrin | 270ml	Pack of 6+device-FBA	B09R3SJPB5		Shipped	1	INR	360.0		19.0					19.0	CHENNAI	TAMIL NADU	600075	IN		false				false	66778552239842	false
407-8794044-7713122	407-8794044-7713122	2026-08-21T07:24:53+00:00	2026-08-22T14:00:40+00:00	Shipped	Amazon	Amazon.in		Expedited	Catche Must-Quit-O Insta Ayurvedic Mosquito Repellent 45ml Refill (Pack of 4) | AYUSH Approved & Transfluthrin-Free | Non-Toxic Protection Against Den	Catche must-quit-o-insta- FBA	B077ZT3C14		Shipped	1	INR	260.0						13.0		TIRUNELVELI	TAMIL NADU	627007	IN	PLM-e773e812-6e49-4dd4-843f-756959601eab	false				false	66773094608082	false
406-2118103-5378716	406-2118103-5378716	2026-08-21T04:32:31+00:00	2026-08-21T10:48:00+00:00	Shipped	Amazon	Amazon.in		Expedited	Catche must-quit-o insta Ayurvedic Mosquito Repellent Vaporizer Liquid | Eco Friendly, Non Toxic Organic Mosqutio Repellent Vaporizer Refill 45 ML (Pa	Pack of 6-FBA	B084BXXLSQ		Shipped	2	INR	720.0						72.0		Market yardPUNE	MAHARASHTRA	411037	IN	PLM-e773e812-6e49-4dd4-843f-756959601eab,BXGY-A3HOA2HYMHXFT1-BUY_2_GET_10_PERCENT-A21TJRUUN4KGV-05/05/2026,BXGY-A3HOA2HYMHXFT1-BUY_2_GET_10_PERCENT-A21TJRUUN4KGV-06/04/2026,BXGY-A3HOA2HYMHXFT1-BUY_2_GET_10_PERCENT-A21TJRUUN4KGV-06/03/2026	false				false	66768295403802	false
407-9370007-8538703	407-9370007-8538703	2026-08-21T02:36:37+00:00	2026-08-21T10:54:01+00:00	Shipped	Amazon	Amazon.in		Expedited	Catche Herbal Mosquito Repellent Refill Combo | 6 Refills + 1 Machine | Safe for Babies, Pregnancy-Safe | Fits All Devices | No Transfluthrin | 270ml	Pack of 6+device-FBA	B09R3SJPB5		Shipped	1	INR	360.0						18.0		MUMBAI	MAHARASHTRA	400060	IN	PLM-e773e812-6e49-4dd4-843f-756959601eab	true				false	66761028543082	false
406-1602743-4921136	406-1602743-4921136	2026-08-21T00:10:33+00:00	2026-08-21T07:39:05+00:00	Shipped	Amazon	Amazon.in		Expedited	Catche Must-Quit-O Insta Ayurvedic Mosquito Repellent 45ml Refill (Pack of 4) | AYUSH Approved & Transfluthrin-Free | Non-Toxic Protection Against Den	Catche must-quit-o-insta- FBA	B077ZT3C14		Shipped	1	INR	260.0		40.0					40.0	RAJNANDGAON	CHHATTISGARH	491557	IN		false				false	66740480444522	false
402-3847616-6242738	402-3847616-6242738	2026-08-20T15:27:24+00:00	2026-08-22T05:01:29+00:00	Shipped	Amazon	Amazon.in		Expedited	Catche Must-Quit-O Insta Ayurvedic Mosquito Repellent 45ml Refill (Pack of 4) | AYUSH Approved & Transfluthrin-Free | Non-Toxic Protection Against Den	Catche must-quit-o-insta- FBA	B077ZT3C14		Shipped	1	INR	260.0						13.0		Thane	Maharashtra	401101	IN	PLM-e773e812-6e49-4dd4-843f-756959601eab	false				false	66730264016322	false
403-0722485-6944368	403-0722485-6944368	2026-08-20T12:44:42+00:00	2026-08-20T22:06:06+00:00	Shipped	Amazon	Amazon.in		Expedited	Catche Herbal Mosquito Repellent Agarbatti - 240 Sticks (Pack of 2) | 100% Ayurvedic | DEET-Free | Safe for Kids & Pregnant Women | Low Smoke | Natura	8908006802319-FBA	B0D7MXTFB1		Shipped	1	INR	235.0								GURUGRAM	HARYANA	122002	IN		false				false	66719654803682	false
405-2794105-0498700	405-2794105-0498700	2026-08-20T10:48:29+00:00	2026-08-21T08:39:04+00:00	Shipped	Amazon	Amazon.in		Expedited	Catche Herbal Mosquito Repellent Refill Combo | 6 Refills + 1 Machine | Safe for Babies, Pregnancy-Safe | Fits All Devices | No Transfluthrin | 270ml	Pack of 6+device-FBA	B09R3SJPB5		Shipped	2	INR	720.0		80.0				72.0	80.0	Chennai	TAMIL NADU	600092	IN	BXGY-A3HOA2HYMHXFT1-BUY_2_GET_10_PERCENT-A21TJRUUN4KGV-28/02/2026,PLM-e773e812-6e49-4dd4-843f-756959601eab	false				false	66721293075322	false
408-9195163-9377146	408-9195163-9377146	2026-08-20T10:40:18+00:00	2026-08-20T17:34:01+00:00	Shipped	Amazon	Amazon.in		Expedited	Catche Must-Quit-O Insta Ayurvedic Mosquito Repellent 45ml Refill (Pack of 4) | AYUSH Approved & Transfluthrin-Free | Non-Toxic Protection Against Den	Catche must-quit-o-insta- FBA	B077ZT3C14		Shipped	1	INR	260.0						13.0		JAIPUR	RAJASTHAN	302015	IN	PLM-e773e812-6e49-4dd4-843f-756959601eab	false				false	66722068891522	false
402-7616060-7734724	402-7616060-7734724	2026-08-20T06:19:56+00:00	2026-08-20T08:33:06+00:00	Shipped	Amazon	Amazon.in		Expedited	Catche must-quit-o insta Ayurvedic Mosquito Repellent Vaporizer Liquid | Eco Friendly, Non Toxic Organic Mosqutio Repellent Vaporizer Refill 45 ML (Pa	Pack of 6-FBA	B084BXXLSQ		Shipped	1	INR	360.0		19.0				18.0	19.0	NAVI MUMBAI	MAHARASHTRA	400703	IN	PLM-e773e812-6e49-4dd4-843f-756959601eab	false				false	66715613660482	false
402-6155527-1025158	402-6155527-1025158	2026-08-20T05:05:21+00:00	2026-08-21T11:26:22+00:00	Shipped	Amazon	Amazon.in		Expedited	Catche Must-Quit-O Insta Ayurvedic Mosquito Repellent 45ml Refill (Pack of 4) | AYUSH Approved & Transfluthrin-Free | Non-Toxic Protection Against Den	Catche must-quit-o-insta- FBA	B077ZT3C14		Shipped	1	INR	0.0								PIMPRI CHINCHWAD	MAHARASHTRA	412101	IN		false				false	66714007889882	false
404-1832079-7978721	404-1832079-7978721	2026-08-20T04:33:41+00:00	2026-08-20T12:44:03+00:00	Shipped	Amazon	Amazon.in		Expedited	Catche Must-Quit-O Insta Ayurvedic Mosquito Repellent 45ml Refill (Pack of 4) | AYUSH Approved & Transfluthrin-Free | Non-Toxic Protection Against Den	Catche must-quit-o-insta- FBA	B077ZT3C14		Shipped	2	INR	520.0		80.0				52.0	80.0	NORTH 24 PARGANAS	WEST BENGAL	700097	IN	BXGY-A3HOA2HYMHXFT1-BUY_2_GET_10_PERCENT-A21TJRUUN4KGV-06/03/2026,BXGY-A3HOA2HYMHXFT1-BUY_2_GET_10_PERCENT-A21TJRUUN4KGV-05/05/2026,BXGY-A3HOA2HYMHXFT1-BUY_2_GET_10_PERCENT-A21TJRUUN4KGV-28/02/2026,BXGY-A3HOA2HYMHXFT1-BUY_2_GET_10_PERCENT-A21TJRUUN4KGV-06/04/2026	false				false	66713209659002	false
408-6659141-1881156	408-6659141-1881156	2026-08-19T18:33:08+00:00	2026-08-21T07:00:09+00:00	Shipped	Amazon	Amazon.in		Expedited	Catche Herbal Mosquito Repellent Refill Combo | 6 Refills + 1 Machine | Safe for Babies, Pregnancy-Safe | Fits All Devices | No Transfluthrin | 270ml	Pack of 6+device-FBA	B09R3SJPB5		Shipped	1	INR	360.0								KOLKATA	WEST BENGAL	700006	IN		false				false	66702551615122	false
408-9651356-7372347	408-9651356-7372347	2026-08-19T17:53:55+00:00	2026-08-20T14:38:11+00:00	Shipped	Amazon	Amazon.in		Expedited	Catche Herbal Mosquito Repellent Agarbatti - 240 Sticks (Pack of 2) | 100% Ayurvedic | DEET-Free | Safe for Kids & Pregnant Women | Low Smoke | Natura	8908006802319-FBA	B0D7MXTFB1		Shipped	1	INR	235.0								PIMPRI CHINCHWAD	MAHARASHTRA	411018	IN		false				false	66701536076522	false
408-3425218-9194707	408-3425218-9194707	2026-08-19T16:57:13+00:00	2026-08-19T17:46:10+00:00	Shipped	Amazon	Amazon.in		Expedited	Catche Herbal Mosquito Repellent Agarbatti - 240 Sticks (Pack of 2) | 100% Ayurvedic | DEET-Free | Safe for Kids & Pregnant Women | Low Smoke | Natura	8908006802319-FBA	B0D7MXTFB1		Shipped	1	INR	235.0								BENGALURU	KARNATAKA	560040	IN		false				false	66698942393922	false
403-0870499-9761156		2026-08-19T15:24:14+00:00	2026-08-25T05:18:22+00:00	Shipped - Delivered to Buyer	Merchant	Amazon.in	WebsiteOrderChannel	Standard	Catche Herbal Mosquito Repellent Refill Combo with Machine (270ml) | 6 Liquid Refills (45ml Each) | Baby Safe, Pregnancy Safe | Natural Herbal Protection | No Transfluthrin | Fits All Devices	Pack of 6+device - New	B0GXWK4W73	1	Shipped	1	INR	360.0	52.17					15.25		SAMRALA	PUNJAB	141114	IN	PLM-e773e812-6e49-4dd4-843f-756959601eab	false			Easy Ship	false	66696033089122	true
406-3642665-1191569	406-3642665-1191569	2026-08-19T03:29:25+00:00	2026-08-19T23:10:01+00:00	Shipped	Amazon	Amazon.in		Expedited	Catche Herbal Mosquito Repellent Refill Combo | 6 Refills + 1 Machine | Safe for Babies, Pregnancy-Safe | Fits All Devices | No Transfluthrin | 270ml	Pack of 6+device-FBA	B09R3SJPB5		Shipped	1	INR	360.0		40.0					40.0	PUNE	MAHARASHTRA	412308	IN		false				false	66666917199322	false
404-8362658-2998727		2026-08-19T01:00:56+00:00	2026-08-21T10:07:10+00:00	Shipped - Delivered to Buyer	Merchant	Amazon.in	WebsiteOrderChannel	SecondDay	Catche Ayurvedic Mosquito Trap Refill (35ml, Pack of 4) | Herbal & Insecticide-Free | Safe for Babies & Pregnant Women | Air-Purifying Mosquito Killer for Indoor Use	Catch-e Mosquito Trapper Liquid 35ml-FBA	B01CVDD26C	4	Shipped	1	INR	260.0	39.66							CHENNAI	TAMIL NADU	600106	IN		false			Easy Ship	false	66643165224802	true
402-8494643-0089959		2026-08-18T16:23:07+00:00	2026-08-21T10:03:47+00:00	Shipped - Delivered to Buyer	Merchant	Amazon.in	WebsiteOrderChannel	Standard	Catche Insta Mosquito Vaporizer - Ayurvedic Mosquito Repellent | 1 Machine + 2 Refills (45ml Each)	catche insta mosquito vapouriser-FBM	B08KXSSKSV	1	Shipped	1	INR	210.0	28.84					17.8		CHENNAI	TAMIL NADU	600102	IN	BXGY-A3HOA2HYMHXFT1-BUY_2_GET_10_PERCENT-A21TJRUUN4KGV-28/02/2026	false			Easy Ship	false	66633920118602	false
402-3665808-2409931	402-3665808-2409931	2026-08-18T16:23:07+00:00	2026-08-21T05:02:12+00:00	Shipped	Amazon	Amazon.in		Expedited	Catche Must-Quit-O Insta Ayurvedic Mosquito Repellent 45ml Refill (Pack of 4) | AYUSH Approved & Transfluthrin-Free | Non-Toxic Protection Against Den	Catche must-quit-o-insta- FBA	B077ZT3C14		Shipped	1	INR	260.0		40.0				26.0	40.0	CHENNAI	TAMIL NADU	600102	IN	BXGY-A3HOA2HYMHXFT1-BUY_2_GET_10_PERCENT-A21TJRUUN4KGV-28/02/2026,BXGY-A3HOA2HYMHXFT1-BUY_2_GET_10_PERCENT-A21TJRUUN4KGV-06/03/2026,BXGY-A3HOA2HYMHXFT1-BUY_2_GET_10_PERCENT-A21TJRUUN4KGV-06/04/2026,BXGY-A3HOA2HYMHXFT1-BUY_2_GET_10_PERCENT-A21TJRUUN4KGV-05/05/2026,PLM-e773e812-6e49-4dd4-843f-756959601eab	false				false	66633920118562	false
408-2305072-0362757	408-2305072-0362757	2026-08-18T12:31:56+00:00	2026-08-19T04:37:07+00:00	Shipped	Amazon	Amazon.in		Expedited	Catche Herbal Mosquito Repellent Refill Combo | 6 Refills + 1 Machine | Safe for Babies, Pregnancy-Safe | Fits All Devices | No Transfluthrin | 270ml	Pack of 6+device-FBA	B09R3SJPB5		Shipped	1	INR	360.0		40.0				18.0	40.0	NEW DELHI	DELHI	110044	IN	PLM-e773e812-6e49-4dd4-843f-756959601eab	false				false	66626149722562	false
408-6259479-1353953	408-6259479-1353953	2026-08-18T10:59:58+00:00	2026-08-18T14:27:13+00:00	Shipped	Amazon	Amazon.in		Expedited	Catche Must-Quit-O Insta Ayurvedic Mosquito Repellent 45ml Refill (Pack of 4) | AYUSH Approved & Transfluthrin-Free | Non-Toxic Protection Against Den	Catche must-quit-o-insta- FBA	B077ZT3C14		Shipped	1	INR	260.0								NAVI MUMBAI	MAHARASHTRA	400708	IN		false				false	66621778891122	false
407-6131392-0026714		2026-08-18T08:23:44+00:00	2026-08-26T12:20:00+00:00	Shipped - Delivered to Buyer	Merchant	Amazon.in	WebsiteOrderChannel	Standard	Catche Ayurvedic Mosquito Repellent Lotion - 60ml (Pack of 3) | Herbal & DEET-Free | 8-Hour Protection | Safe for Kids, Adults & Pregnant Women | Non-Sticky & Skin-Friendly	Catche mosquito repellent lotion	B08NJGSBWM	3	Shipped	1	INR	200.0	9.52							CHUNAR	UTTAR PRADESH	231304	IN		false			Easy Ship	false	66620482322122	true
407-8251886-4859555		2026-08-18T07:34:43+00:00	2026-08-18T11:40:05+00:00	Cancelled	Merchant	Amazon.in	WebsiteOrderChannel	Standard	Catche Ayurvedic Mosquito Repellent Liquid Refill - 45ml (Pack of 3 x 45ml) | Herbal & Chemical-Free Insect Repellent Liquid	HO-WPCW-HSB4	B0F62PK16V	1		0										PUNE	MAHARASHTRA	411051	IN		false			Easy Ship	false	66619760158562	true
171-0108834-7661108	171-0108834-7661108	2026-08-18T02:17:18+00:00	2026-08-20T07:49:10+00:00	Shipped	Amazon	Amazon.in		Expedited	Catche Must-Quit-O Insta Ayurvedic Mosquito Repellent 45ml Refill (Pack of 4) | AYUSH Approved & Transfluthrin-Free | Non-Toxic Protection Against Den	Catche must-quit-o-insta- FBA	B077ZT3C14		Shipped	1	INR	260.0		40.0					40.0	BHAVNAGAR	GUJARAT	364001	IN		false				false	66614454386442	false
408-8287761-3959529	408-8287761-3959529	2026-08-18T00:59:00+00:00	2026-08-18T07:09:55+00:00	Shipped	Amazon	Amazon.in		Expedited	Catche Herbal Mosquito Repellent Refill Combo | 6 Refills + 1 Machine | Safe for Babies, Pregnancy-Safe | Fits All Devices | No Transfluthrin | 270ml	Pack of 6+device-FBA	B09R3SJPB5		Shipped	1	INR	360.0								Navi Mumbai	MAHARASHTRA	410209	IN		false				false	66615551246842	false
